Product ID,Product Name,Category,Store ID,Location,Expiry Date,Stock Qty,Daily Sales,Storage Temp,Date,Weather,Price,day_to_expiry,sales_velocity,risk
P001,Milk,Dairy,S001,Downtown,2025-07-28,46,2,4,2025-07-21,Rainy,11.02,7,0.0434782608695652,0
P007,Eggs,Dairy,S002,Uptown,2025-07-23,68,6,4,2025-07-17,Sunny,9.24,6,0.088235294117647,0
P006,Salmon,Seafood,S003,Suburb,2025-07-24,58,0,2,2025-07-21,Cloudy,7.56,3,0.0,1
P006,Salmon,Seafood,S001,Downtown,2025-07-20,84,14,2,2025-07-15,Cloudy,13.0,5,0.1666666666666666,0
P004,Lettuce,Produce,S001,Downtown,2025-07-26,72,0,5,2025-07-20,Rainy,6.96,6,0.0,0
P001,Milk,Dairy,S003,Suburb,2025-07-20,68,3,4,2025-07-17,Sunny,4.81,3,0.0441176470588235,1
P005,Strawberries,Produce,S002,Uptown,2025-07-22,96,12,4,2025-07-19,Sunny,8.84,3,0.125,1
P001,Milk,Dairy,S001,Downtown,2025-07-17,83,12,4,2025-07-13,Cloudy,7.95,4,0.144578313253012,0
P004,Lettuce,Produce,S002,Uptown,2025-07-14,43,7,5,2025-07-10,Snowy,11.73,4,0.1627906976744186,0
P006,Salmon,Seafood,S001,Downtown,2025-07-25,84,2,2,2025-07-16,Sunny,2.13,9,0.0238095238095238,0
P004,Lettuce,Produce,S003,Suburb,2025-07-24,75,3,5,2025-07-15,Cloudy,7.79,9,0.04,0
P002,Yogurt,Dairy,S002,Uptown,2025-07-21,80,13,4,2025-07-15,Rainy,10.6,6,0.1625,0
P001,Milk,Dairy,S003,Suburb,2025-07-24,69,13,4,2025-07-21,Snowy,5.98,3,0.1884057971014492,1
P002,Yogurt,Dairy,S003,Suburb,2025-07-25,30,11,4,2025-07-16,Snowy,8.66,9,0.3666666666666666,0
P007,Eggs,Dairy,S003,Suburb,2025-07-18,45,4,4,2025-07-15,Snowy,8.58,3,0.0888888888888888,1
P003,Chicken Breast,Meat,S002,Uptown,2025-07-16,43,15,2,2025-07-10,Rainy,14.84,6,0.3488372093023256,0
P008,Ground Beef,Meat,S003,Suburb,2025-07-28,92,10,2,2025-07-19,Sunny,14.19,9,0.108695652173913,0
P005,Strawberries,Produce,S001,Downtown,2025-07-11,70,7,4,2025-07-08,Sunny,8.72,3,0.1,1
P010,Shrimp,Seafood,S003,Suburb,2025-07-16,22,3,2,2025-07-13,Rainy,5.93,3,0.1363636363636363,1
P003,Chicken Breast,Meat,S002,Uptown,2025-07-15,78,8,2,2025-07-12,Cloudy,9.56,3,0.1025641025641025,1
P002,Yogurt,Dairy,S003,Suburb,2025-07-13,63,14,4,2025-07-10,Snowy,7.64,3,0.2222222222222222,1
P010,Shrimp,Seafood,S003,Suburb,2025-07-23,68,12,2,2025-07-20,Snowy,6.54,3,0.1764705882352941,1
P006,Salmon,Seafood,S001,Downtown,2025-07-16,74,11,2,2025-07-13,Cloudy,5.55,3,0.1486486486486486,1
P001,Milk,Dairy,S002,Uptown,2025-07-22,52,8,4,2025-07-19,Sunny,10.37,3,0.1538461538461538,1
P001,Milk,Dairy,S003,Suburb,2025-07-20,68,3,4,2025-07-17,Sunny,4.81,3,0.0441176470588235,1
P003,Chicken Breast,Meat,S002,Uptown,2025-07-22,33,4,2,2025-07-16,Cloudy,13.75,6,0.1212121212121212,0
P006,Salmon,Seafood,S003,Suburb,2025-07-16,26,13,2,2025-07-10,Snowy,5.74,6,0.5,0
P006,Salmon,Seafood,S002,Uptown,2025-07-19,61,2,2,2025-07-16,Rainy,8.31,3,0.0327868852459016,1
P004,Lettuce,Produce,S002,Uptown,2025-07-14,48,2,5,2025-07-09,Rainy,11.36,5,0.0416666666666666,0
P002,Yogurt,Dairy,S002,Uptown,2025-07-31,68,5,4,2025-07-21,Cloudy,4.17,10,0.0735294117647058,0
P004,Lettuce,Produce,S002,Uptown,2025-07-20,38,10,5,2025-07-12,Rainy,8.07,8,0.2631578947368421,0
P003,Chicken Breast,Meat,S001,Downtown,2025-07-21,93,14,2,2025-07-11,Sunny,3.74,10,0.1505376344086021,0
P010,Shrimp,Seafood,S003,Suburb,2025-07-23,68,12,2,2025-07-20,Snowy,6.54,3,0.1764705882352941,1
P001,Milk,Dairy,S002,Uptown,2025-07-22,52,8,4,2025-07-19,Sunny,10.37,3,0.1538461538461538,1
P006,Salmon,Seafood,S002,Uptown,2025-07-19,61,2,2,2025-07-16,Rainy,8.31,3,0.0327868852459016,1
P008,Ground Beef,Meat,S002,Uptown,2025-07-24,67,5,2,2025-07-21,Rainy,11.47,3,0.0746268656716417,1
P006,Salmon,Seafood,S001,Downtown,2025-07-16,74,11,2,2025-07-13,Cloudy,5.55,3,0.1486486486486486,1
P008,Ground Beef,Meat,S001,Downtown,2025-07-16,65,5,2,2025-07-09,Rainy,7.1,7,0.0769230769230769,0
P005,Strawberries,Produce,S001,Downtown,2025-07-14,66,5,4,2025-07-09,Sunny,9.19,5,0.0757575757575757,0
P006,Salmon,Seafood,S001,Downtown,2025-07-12,45,11,2,2025-07-09,Cloudy,14.94,3,0.2444444444444444,1
P008,Ground Beef,Meat,S002,Uptown,2025-07-17,61,2,2,2025-07-14,Sunny,11.04,3,0.0327868852459016,1
P008,Ground Beef,Meat,S002,Uptown,2025-07-24,67,5,2,2025-07-21,Rainy,11.47,3,0.0746268656716417,1
P002,Yogurt,Dairy,S003,Suburb,2025-07-24,38,10,4,2025-07-14,Sunny,9.61,10,0.2631578947368421,0
P001,Milk,Dairy,S003,Suburb,2025-07-17,56,4,4,2025-07-14,Rainy,7.43,3,0.0714285714285714,1
P006,Salmon,Seafood,S002,Uptown,2025-07-19,61,2,2,2025-07-16,Rainy,8.31,3,0.0327868852459016,1
P004,Lettuce,Produce,S003,Suburb,2025-07-21,58,4,5,2025-07-17,Rainy,10.47,4,0.0689655172413793,0
P009,Spinach,Produce,S002,Uptown,2025-07-18,98,6,5,2025-07-15,Sunny,3.58,3,0.0612244897959183,1
P001,Milk,Dairy,S003,Suburb,2025-07-19,32,14,4,2025-07-13,Rainy,6.83,6,0.4375,0
P008,Ground Beef,Meat,S002,Uptown,2025-07-24,67,5,2,2025-07-21,Rainy,11.47,3,0.0746268656716417,1
P003,Chicken Breast,Meat,S001,Downtown,2025-07-11,79,12,2,2025-07-08,Sunny,10.56,3,0.1518987341772152,1
P007,Eggs,Dairy,S001,Downtown,2025-07-11,55,6,4,2025-07-08,Sunny,2.59,3,0.109090909090909,1
P005,Strawberries,Produce,S001,Downtown,2025-07-22,66,11,4,2025-07-17,Rainy,6.58,5,0.1666666666666666,0
P003,Chicken Breast,Meat,S002,Uptown,2025-07-17,97,11,2,2025-07-14,Sunny,8.6,3,0.1134020618556701,1
P003,Chicken Breast,Meat,S001,Downtown,2025-07-23,78,10,2,2025-07-16,Snowy,4.54,7,0.1282051282051282,0
P003,Chicken Breast,Meat,S001,Downtown,2025-07-11,79,12,2,2025-07-08,Sunny,10.56,3,0.1518987341772152,1
P007,Eggs,Dairy,S001,Downtown,2025-07-11,55,6,4,2025-07-08,Sunny,2.59,3,0.109090909090909,1
P006,Salmon,Seafood,S002,Uptown,2025-07-19,61,2,2,2025-07-16,Rainy,8.31,3,0.0327868852459016,1
P004,Lettuce,Produce,S001,Downtown,2025-07-18,94,13,5,2025-07-09,Rainy,11.15,9,0.1382978723404255,0
P005,Strawberries,Produce,S003,Suburb,2025-07-19,55,9,4,2025-07-10,Rainy,8.04,9,0.1636363636363636,0
P005,Strawberries,Produce,S001,Downtown,2025-07-11,70,7,4,2025-07-08,Sunny,8.72,3,0.1,1
P007,Eggs,Dairy,S002,Uptown,2025-07-23,100,9,4,2025-07-20,Sunny,4.95,3,0.09,1
P010,Shrimp,Seafood,S001,Downtown,2025-07-15,21,0,2,2025-07-12,Cloudy,13.53,3,0.0,1
P001,Milk,Dairy,S001,Downtown,2025-07-20,88,3,4,2025-07-10,Sunny,6.41,10,0.034090909090909,0
P005,Strawberries,Produce,S001,Downtown,2025-07-30,68,15,4,2025-07-20,Snowy,12.09,10,0.2205882352941176,0
P001,Milk,Dairy,S001,Downtown,2025-07-14,35,6,4,2025-07-11,Rainy,4.1,3,0.1714285714285714,1
P009,Spinach,Produce,S002,Uptown,2025-07-18,98,6,5,2025-07-15,Sunny,3.58,3,0.0612244897959183,1
P004,Lettuce,Produce,S001,Downtown,2025-07-26,60,7,5,2025-07-21,Sunny,4.24,5,0.1166666666666666,0
P001,Milk,Dairy,S002,Uptown,2025-07-18,71,7,4,2025-07-12,Rainy,14.24,6,0.0985915492957746,0
P006,Salmon,Seafood,S002,Uptown,2025-07-20,56,10,2,2025-07-11,Snowy,4.85,9,0.1785714285714285,0
P006,Salmon,Seafood,S002,Uptown,2025-07-19,61,2,2,2025-07-16,Rainy,8.31,3,0.0327868852459016,1
P008,Ground Beef,Meat,S002,Uptown,2025-07-24,67,5,2,2025-07-21,Rainy,11.47,3,0.0746268656716417,1
P001,Milk,Dairy,S001,Downtown,2025-07-14,35,6,4,2025-07-11,Rainy,4.1,3,0.1714285714285714,1
P004,Lettuce,Produce,S002,Uptown,2025-07-14,60,11,5,2025-07-08,Rainy,9.34,6,0.1833333333333333,0
P009,Spinach,Produce,S001,Downtown,2025-07-23,89,0,5,2025-07-15,Snowy,7.91,8,0.0,0
P003,Chicken Breast,Meat,S001,Downtown,2025-07-16,42,1,2,2025-07-13,Snowy,14.14,3,0.0238095238095238,1
P006,Salmon,Seafood,S001,Downtown,2025-07-19,43,13,2,2025-07-14,Rainy,6.82,5,0.3023255813953488,0
P007,Eggs,Dairy,S003,Suburb,2025-07-18,45,4,4,2025-07-15,Snowy,8.58,3,0.0888888888888888,1
P005,Strawberries,Produce,S001,Downtown,2025-07-11,70,7,4,2025-07-08,Sunny,8.72,3,0.1,1
P001,Milk,Dairy,S003,Suburb,2025-07-17,56,4,4,2025-07-14,Rainy,7.43,3,0.0714285714285714,1
P005,Strawberries,Produce,S003,Suburb,2025-07-27,45,12,4,2025-07-17,Cloudy,2.59,10,0.2666666666666666,0
P008,Ground Beef,Meat,S001,Downtown,2025-07-24,41,12,2,2025-07-21,Rainy,9.95,3,0.2926829268292683,1
P002,Yogurt,Dairy,S002,Uptown,2025-07-19,84,9,4,2025-07-10,Cloudy,12.02,9,0.1071428571428571,0
P002,Yogurt,Dairy,S003,Suburb,2025-07-19,80,1,4,2025-07-15,Cloudy,14.27,4,0.0125,0
P003,Chicken Breast,Meat,S002,Uptown,2025-07-27,65,11,2,2025-07-21,Snowy,5.59,6,0.1692307692307692,0
P005,Strawberries,Produce,S003,Suburb,2025-07-19,47,1,4,2025-07-15,Rainy,11.87,4,0.0212765957446808,0
P009,Spinach,Produce,S003,Suburb,2025-07-15,84,3,5,2025-07-10,Rainy,5.27,5,0.0357142857142857,0
P003,Chicken Breast,Meat,S001,Downtown,2025-07-17,72,15,2,2025-07-14,Snowy,8.7,3,0.2083333333333333,1
P005,Strawberries,Produce,S003,Suburb,2025-07-28,86,9,4,2025-07-20,Snowy,4.85,8,0.1046511627906976,0
P008,Ground Beef,Meat,S002,Uptown,2025-07-24,67,5,2,2025-07-21,Rainy,11.47,3,0.0746268656716417,1
P005,Strawberries,Produce,S002,Uptown,2025-07-22,96,12,4,2025-07-19,Sunny,8.84,3,0.125,1
P002,Yogurt,Dairy,S002,Uptown,2025-07-19,56,7,4,2025-07-14,Snowy,9.39,5,0.125,0
P004,Lettuce,Produce,S003,Suburb,2025-07-14,78,6,5,2025-07-10,Cloudy,14.78,4,0.0769230769230769,0
P001,Milk,Dairy,S003,Suburb,2025-07-20,93,13,4,2025-07-16,Rainy,9.97,4,0.1397849462365591,0
P005,Strawberries,Produce,S002,Uptown,2025-07-26,40,14,4,2025-07-18,Snowy,9.89,8,0.35,0
P009,Spinach,Produce,S002,Uptown,2025-07-20,50,13,5,2025-07-10,Snowy,11.58,10,0.26,0
P007,Eggs,Dairy,S002,Uptown,2025-07-23,100,9,4,2025-07-20,Sunny,4.95,3,0.09,1
P001,Milk,Dairy,S003,Suburb,2025-07-24,69,13,4,2025-07-21,Snowy,5.98,3,0.1884057971014492,1
P003,Chicken Breast,Meat,S001,Downtown,2025-07-11,79,12,2,2025-07-08,Sunny,10.56,3,0.1518987341772152,1
P010,Shrimp,Seafood,S001,Downtown,2025-07-16,57,8,2,2025-07-10,Snowy,2.54,6,0.1403508771929824,0
P003,Chicken Breast,Meat,S001,Downtown,2025-07-17,72,15,2,2025-07-14,Snowy,8.7,3,0.2083333333333333,1
P004,Lettuce,Produce,S001,Downtown,2025-07-19,61,0,5,2025-07-16,Sunny,3.79,3,0.0,1
P009,Spinach,Produce,S003,Suburb,2025-07-15,70,14,5,2025-07-11,Cloudy,5.96,4,0.2,0
P010,Shrimp,Seafood,S001,Downtown,2025-07-15,21,0,2,2025-07-12,Cloudy,13.53,3,0.0,1
P006,Salmon,Seafood,S003,Suburb,2025-07-16,46,3,2,2025-07-09,Cloudy,13.44,7,0.0652173913043478,0
P003,Chicken Breast,Meat,S001,Downtown,2025-07-11,79,12,2,2025-07-08,Sunny,10.56,3,0.1518987341772152,1
P006,Salmon,Seafood,S002,Uptown,2025-07-23,88,7,2,2025-07-20,Cloudy,12.95,3,0.0795454545454545,1
P006,Salmon,Seafood,S003,Suburb,2025-07-24,58,0,2,2025-07-21,Cloudy,7.56,3,0.0,1
P004,Lettuce,Produce,S001,Downtown,2025-07-19,61,0,5,2025-07-16,Sunny,3.79,3,0.0,1
P005,Strawberries,Produce,S001,Downtown,2025-07-22,89,15,4,2025-07-15,Rainy,11.57,7,0.1685393258426966,0
P004,Lettuce,Produce,S002,Uptown,2025-07-27,62,7,5,2025-07-19,Sunny,3.93,8,0.1129032258064516,0
P001,Milk,Dairy,S002,Uptown,2025-07-18,57,4,4,2025-07-08,Snowy,2.92,10,0.0701754385964912,0
P010,Shrimp,Seafood,S002,Uptown,2025-07-26,52,15,2,2025-07-19,Sunny,6.37,7,0.2884615384615384,0
P007,Eggs,Dairy,S003,Suburb,2025-07-12,99,13,4,2025-07-08,Sunny,11.9,4,0.1313131313131313,0
P008,Ground Beef,Meat,S003,Suburb,2025-07-23,44,9,2,2025-07-18,Sunny,3.93,5,0.2045454545454545,0
P010,Shrimp,Seafood,S002,Uptown,2025-07-21,87,2,2,2025-07-11,Snowy,3.53,10,0.0229885057471264,0
P010,Shrimp,Seafood,S003,Suburb,2025-07-16,22,3,2,2025-07-13,Rainy,5.93,3,0.1363636363636363,1
P005,Strawberries,Produce,S001,Downtown,2025-07-11,70,7,4,2025-07-08,Sunny,8.72,3,0.1,1
P008,Ground Beef,Meat,S002,Uptown,2025-07-24,67,5,2,2025-07-21,Rainy,11.47,3,0.0746268656716417,1
P006,Salmon,Seafood,S003,Suburb,2025-07-24,58,0,2,2025-07-21,Cloudy,7.56,3,0.0,1
P001,Milk,Dairy,S003,Suburb,2025-07-22,99,11,4,2025-07-18,Cloudy,6.94,4,0.1111111111111111,0
P008,Ground Beef,Meat,S002,Uptown,2025-07-27,97,10,2,2025-07-17,Snowy,9.86,10,0.1030927835051546,0
P001,Milk,Dairy,S002,Uptown,2025-07-22,52,8,4,2025-07-19,Sunny,10.37,3,0.1538461538461538,1
P005,Strawberries,Produce,S001,Downtown,2025-07-15,60,9,4,2025-07-11,Snowy,5.85,4,0.15,0
P003,Chicken Breast,Meat,S003,Suburb,2025-07-26,20,5,2,2025-07-18,Sunny,8.92,8,0.25,0
P004,Lettuce,Produce,S001,Downtown,2025-07-16,79,1,5,2025-07-08,Snowy,7.76,8,0.0126582278481012,0
P010,Shrimp,Seafood,S003,Suburb,2025-07-16,22,3,2,2025-07-13,Rainy,5.93,3,0.1363636363636363,1
P004,Lettuce,Produce,S003,Suburb,2025-07-28,99,6,5,2025-07-21,Rainy,14.81,7,0.0606060606060606,0
P007,Eggs,Dairy,S002,Uptown,2025-07-23,100,9,4,2025-07-20,Sunny,4.95,3,0.09,1
P004,Lettuce,Produce,S001,Downtown,2025-07-19,61,0,5,2025-07-16,Sunny,3.79,3,0.0,1
P003,Chicken Breast,Meat,S001,Downtown,2025-07-18,47,11,2,2025-07-15,Cloudy,13.22,3,0.2340425531914893,1
P004,Lettuce,Produce,S003,Suburb,2025-07-14,86,3,5,2025-07-11,Rainy,7.77,3,0.0348837209302325,1
P010,Shrimp,Seafood,S003,Suburb,2025-07-23,68,12,2,2025-07-20,Snowy,6.54,3,0.1764705882352941,1
P009,Spinach,Produce,S003,Suburb,2025-07-19,63,0,5,2025-07-16,Rainy,11.17,3,0.0,1
P006,Salmon,Seafood,S001,Downtown,2025-07-25,91,11,2,2025-07-20,Rainy,13.08,5,0.1208791208791208,0
P007,Eggs,Dairy,S003,Suburb,2025-07-19,46,2,4,2025-07-10,Sunny,5.03,9,0.0434782608695652,0
P009,Spinach,Produce,S002,Uptown,2025-07-24,72,3,5,2025-07-20,Snowy,6.57,4,0.0416666666666666,0
P004,Lettuce,Produce,S002,Uptown,2025-07-18,22,10,5,2025-07-13,Snowy,5.09,5,0.4545454545454545,0
P008,Ground Beef,Meat,S002,Uptown,2025-07-24,67,5,2,2025-07-21,Rainy,11.47,3,0.0746268656716417,1
P007,Eggs,Dairy,S002,Uptown,2025-07-20,77,13,4,2025-07-15,Rainy,7.58,5,0.1688311688311688,0
P007,Eggs,Dairy,S003,Suburb,2025-07-22,77,7,4,2025-07-12,Rainy,13.35,10,0.0909090909090909,0
P006,Salmon,Seafood,S003,Suburb,2025-07-25,42,6,2,2025-07-15,Cloudy,11.74,10,0.1428571428571428,0
P002,Yogurt,Dairy,S001,Downtown,2025-07-16,93,4,4,2025-07-10,Cloudy,13.37,6,0.043010752688172,0
P003,Chicken Breast,Meat,S001,Downtown,2025-07-28,53,3,2,2025-07-20,Sunny,14.93,8,0.0566037735849056,0
P004,Lettuce,Produce,S003,Suburb,2025-07-24,47,3,5,2025-07-20,Rainy,9.65,4,0.0638297872340425,0
P007,Eggs,Dairy,S003,Suburb,2025-07-18,45,4,4,2025-07-15,Snowy,8.58,3,0.0888888888888888,1
P001,Milk,Dairy,S002,Uptown,2025-07-24,71,1,4,2025-07-20,Sunny,5.63,4,0.0140845070422535,0
P006,Salmon,Seafood,S003,Suburb,2025-07-24,20,4,2,2025-07-16,Sunny,12.9,8,0.2,0
P005,Strawberries,Produce,S002,Uptown,2025-07-30,28,8,4,2025-07-20,Rainy,14.84,10,0.2857142857142857,0
P007,Eggs,Dairy,S001,Downtown,2025-07-18,30,15,4,2025-07-10,Sunny,14.25,8,0.5,0
P006,Salmon,Seafood,S002,Uptown,2025-07-19,61,2,2,2025-07-16,Rainy,8.31,3,0.0327868852459016,1
P003,Chicken Breast,Meat,S002,Uptown,2025-07-24,88,8,2,2025-07-20,Snowy,12.1,4,0.0909090909090909,0
P005,Strawberries,Produce,S003,Suburb,2025-07-29,41,1,4,2025-07-19,Rainy,4.41,10,0.024390243902439,0
P002,Yogurt,Dairy,S001,Downtown,2025-07-24,34,9,4,2025-07-17,Rainy,13.64,7,0.2647058823529412,0
P007,Eggs,Dairy,S001,Downtown,2025-07-30,73,6,4,2025-07-20,Rainy,10.27,10,0.0821917808219178,0
P001,Milk,Dairy,S002,Uptown,2025-07-22,52,8,4,2025-07-19,Sunny,10.37,3,0.1538461538461538,1
P009,Spinach,Produce,S002,Uptown,2025-07-27,69,9,5,2025-07-18,Sunny,7.2,9,0.1304347826086956,0
P003,Chicken Breast,Meat,S002,Uptown,2025-07-15,78,8,2,2025-07-12,Cloudy,9.56,3,0.1025641025641025,1
P009,Spinach,Produce,S001,Downtown,2025-07-20,100,8,5,2025-07-11,Cloudy,11.59,9,0.08,0
P008,Ground Beef,Meat,S002,Uptown,2025-07-24,67,5,2,2025-07-21,Rainy,11.47,3,0.0746268656716417,1
P007,Eggs,Dairy,S003,Suburb,2025-07-18,45,4,4,2025-07-15,Snowy,8.58,3,0.0888888888888888,1
P004,Lettuce,Produce,S003,Suburb,2025-07-21,58,15,5,2025-07-13,Snowy,10.09,8,0.2586206896551724,0
P006,Salmon,Seafood,S002,Uptown,2025-07-20,45,13,2,2025-07-10,Snowy,13.9,10,0.2888888888888888,0
P005,Strawberries,Produce,S003,Suburb,2025-07-24,37,12,4,2025-07-18,Snowy,8.51,6,0.3243243243243243,0
P005,Strawberries,Produce,S003,Suburb,2025-07-20,39,13,4,2025-07-12,Sunny,3.19,8,0.3333333333333333,0
P009,Spinach,Produce,S002,Uptown,2025-07-14,87,5,5,2025-07-09,Cloudy,9.09,5,0.057471264367816,0
P007,Eggs,Dairy,S002,Uptown,2025-07-16,24,0,4,2025-07-10,Snowy,4.68,6,0.0,0
P010,Shrimp,Seafood,S003,Suburb,2025-07-16,22,3,2,2025-07-13,Rainy,5.93,3,0.1363636363636363,1
P008,Ground Beef,Meat,S002,Uptown,2025-07-25,66,6,2,2025-07-16,Sunny,7.08,9,0.0909090909090909,0
P007,Eggs,Dairy,S001,Downtown,2025-07-11,55,6,4,2025-07-08,Sunny,2.59,3,0.109090909090909,1
P001,Milk,Dairy,S001,Downtown,2025-07-14,35,6,4,2025-07-11,Rainy,4.1,3,0.1714285714285714,1
P009,Spinach,Produce,S003,Suburb,2025-07-16,32,4,5,2025-07-12,Sunny,14.73,4,0.125,0
P010,Shrimp,Seafood,S003,Suburb,2025-07-21,84,15,2,2025-07-15,Rainy,2.78,6,0.1785714285714285,0
P002,Yogurt,Dairy,S001,Downtown,2025-07-24,26,4,4,2025-07-14,Sunny,6.5,10,0.1538461538461538,0
P001,Milk,Dairy,S001,Downtown,2025-07-20,71,9,4,2025-07-14,Rainy,4.89,6,0.1267605633802817,0
P002,Yogurt,Dairy,S001,Downtown,2025-07-19,28,13,4,2025-07-09,Sunny,8.9,10,0.4642857142857143,0
P006,Salmon,Seafood,S002,Uptown,2025-07-28,34,2,2,2025-07-21,Sunny,8.15,7,0.0588235294117647,0
P001,Milk,Dairy,S003,Suburb,2025-07-24,69,13,4,2025-07-21,Snowy,5.98,3,0.1884057971014492,1
P003,Chicken Breast,Meat,S001,Downtown,2025-07-16,42,1,2,2025-07-13,Snowy,14.14,3,0.0238095238095238,1
P007,Eggs,Dairy,S001,Downtown,2025-07-29,29,4,4,2025-07-21,Snowy,10.18,8,0.1379310344827586,0
P010,Shrimp,Seafood,S003,Suburb,2025-07-16,79,9,2,2025-07-12,Snowy,4.19,4,0.1139240506329113,0
P008,Ground Beef,Meat,S003,Suburb,2025-07-27,84,1,2,2025-07-21,Snowy,6.84,6,0.0119047619047619,0
P010,Shrimp,Seafood,S001,Downtown,2025-07-26,96,9,2,2025-07-18,Cloudy,2.39,8,0.09375,0
P008,Ground Beef,Meat,S001,Downtown,2025-07-28,53,12,2,2025-07-19,Rainy,12.97,9,0.2264150943396226,0
P008,Ground Beef,Meat,S001,Downtown,2025-07-24,41,12,2,2025-07-21,Rainy,9.95,3,0.2926829268292683,1
P010,Shrimp,Seafood,S001,Downtown,2025-07-14,21,6,2,2025-07-08,Cloudy,8.42,6,0.2857142857142857,0
P008,Ground Beef,Meat,S003,Suburb,2025-07-29,98,0,2,2025-07-20,Sunny,9.75,9,0.0,0
P009,Spinach,Produce,S002,Uptown,2025-07-18,98,6,5,2025-07-15,Sunny,3.58,3,0.0612244897959183,1
P010,Shrimp,Seafood,S002,Uptown,2025-07-14,38,9,2,2025-07-10,Rainy,2.69,4,0.2368421052631578,0
P003,Chicken Breast,Meat,S001,Downtown,2025-07-18,47,11,2,2025-07-15,Cloudy,13.22,3,0.2340425531914893,1
P009,Spinach,Produce,S003,Suburb,2025-07-23,38,6,5,2025-07-18,Snowy,14.9,5,0.1578947368421052,0
P001,Milk,Dairy,S002,Uptown,2025-07-23,93,8,4,2025-07-13,Snowy,8.03,10,0.086021505376344,0
P003,Chicken Breast,Meat,S003,Suburb,2025-07-26,85,7,2,2025-07-17,Cloudy,4.07,9,0.0823529411764705,0
P005,Strawberries,Produce,S001,Downtown,2025-07-11,70,7,4,2025-07-08,Sunny,8.72,3,0.1,1
P006,Salmon,Seafood,S003,Suburb,2025-07-19,64,12,2,2025-07-12,Cloudy,3.27,7,0.1875,0
P009,Spinach,Produce,S002,Uptown,2025-07-18,98,6,5,2025-07-15,Sunny,3.58,3,0.0612244897959183,1
P004,Lettuce,Produce,S001,Downtown,2025-07-19,61,0,5,2025-07-16,Sunny,3.79,3,0.0,1
P010,Shrimp,Seafood,S003,Suburb,2025-07-23,68,12,2,2025-07-20,Snowy,6.54,3,0.1764705882352941,1
P007,Eggs,Dairy,S001,Downtown,2025-07-11,55,6,4,2025-07-08,Sunny,2.59,3,0.109090909090909,1
P006,Salmon,Seafood,S002,Uptown,2025-07-17,31,6,2,2025-07-09,Cloudy,10.09,8,0.1935483870967742,0
P004,Lettuce,Produce,S003,Suburb,2025-07-12,93,0,5,2025-07-09,Snowy,14.78,3,0.0,1
P008,Ground Beef,Meat,S003,Suburb,2025-07-20,42,15,2,2025-07-11,Cloudy,7.99,9,0.3571428571428571,0
P003,Chicken Breast,Meat,S001,Downtown,2025-07-11,79,12,2,2025-07-08,Sunny,10.56,3,0.1518987341772152,1
P003,Chicken Breast,Meat,S001,Downtown,2025-07-14,44,10,2,2025-07-10,Snowy,12.83,4,0.2272727272727272,0
P008,Ground Beef,Meat,S003,Suburb,2025-07-20,66,5,2,2025-07-15,Sunny,14.69,5,0.0757575757575757,0
P008,Ground Beef,Meat,S001,Downtown,2025-07-25,30,12,2,2025-07-17,Rainy,4.9,8,0.4,0
P002,Yogurt,Dairy,S003,Suburb,2025-07-13,63,14,4,2025-07-10,Snowy,7.64,3,0.2222222222222222,1
P004,Lettuce,Produce,S003,Suburb,2025-07-12,93,0,5,2025-07-09,Snowy,14.78,3,0.0,1
P004,Lettuce,Produce,S003,Suburb,2025-07-14,86,3,5,2025-07-11,Rainy,7.77,3,0.0348837209302325,1
P008,Ground Beef,Meat,S003,Suburb,2025-07-12,85,8,2,2025-07-08,Rainy,10.73,4,0.0941176470588235,0
P003,Chicken Breast,Meat,S001,Downtown,2025-07-16,42,1,2,2025-07-13,Snowy,14.14,3,0.0238095238095238,1
P002,Yogurt,Dairy,S002,Uptown,2025-07-21,81,11,4,2025-07-17,Rainy,12.13,4,0.1358024691358024,0
P001,Milk,Dairy,S003,Suburb,2025-07-20,68,3,4,2025-07-17,Sunny,4.81,3,0.0441176470588235,1
P001,Milk,Dairy,S001,Downtown,2025-07-14,35,6,4,2025-07-11,Rainy,4.1,3,0.1714285714285714,1
P004,Lettuce,Produce,S003,Suburb,2025-07-26,97,12,5,2025-07-19,Rainy,12.37,7,0.1237113402061855,0
P001,Milk,Dairy,S001,Downtown,2025-07-20,76,2,4,2025-07-12,Sunny,6.68,8,0.0263157894736842,0
P010,Shrimp,Seafood,S003,Suburb,2025-07-14,82,15,2,2025-07-10,Snowy,3.98,4,0.1829268292682926,0
P008,Ground Beef,Meat,S003,Suburb,2025-07-17,49,9,2,2025-07-09,Snowy,4.92,8,0.1836734693877551,0
P009,Spinach,Produce,S002,Uptown,2025-07-18,98,6,5,2025-07-15,Sunny,3.58,3,0.0612244897959183,1
P008,Ground Beef,Meat,S002,Uptown,2025-07-17,61,2,2,2025-07-14,Sunny,11.04,3,0.0327868852459016,1
P004,Lettuce,Produce,S001,Downtown,2025-07-19,61,0,5,2025-07-16,Sunny,3.79,3,0.0,1
P001,Milk,Dairy,S002,Uptown,2025-07-19,44,12,4,2025-07-15,Sunny,4.1,4,0.2727272727272727,0
P007,Eggs,Dairy,S003,Suburb,2025-07-18,45,4,4,2025-07-15,Snowy,8.58,3,0.0888888888888888,1
P009,Spinach,Produce,S003,Suburb,2025-07-19,63,0,5,2025-07-16,Rainy,11.17,3,0.0,1
P001,Milk,Dairy,S003,Suburb,2025-07-20,68,3,4,2025-07-17,Sunny,4.81,3,0.0441176470588235,1
P009,Spinach,Produce,S003,Suburb,2025-07-19,63,0,5,2025-07-16,Rainy,11.17,3,0.0,1
P004,Lettuce,Produce,S001,Downtown,2025-07-17,69,3,5,2025-07-13,Cloudy,3.51,4,0.0434782608695652,0
P003,Chicken Breast,Meat,S001,Downtown,2025-07-17,72,15,2,2025-07-14,Snowy,8.7,3,0.2083333333333333,1
P008,Ground Beef,Meat,S002,Uptown,2025-07-17,61,2,2,2025-07-14,Sunny,11.04,3,0.0327868852459016,1
P002,Yogurt,Dairy,S003,Suburb,2025-07-17,73,7,4,2025-07-08,Rainy,12.65,9,0.0958904109589041,0
P007,Eggs,Dairy,S003,Suburb,2025-07-18,45,4,4,2025-07-15,Snowy,8.58,3,0.0888888888888888,1
P005,Strawberries,Produce,S001,Downtown,2025-07-23,51,9,4,2025-07-13,Sunny,3.46,10,0.1764705882352941,0
P007,Eggs,Dairy,S001,Downtown,2025-07-11,55,6,4,2025-07-08,Sunny,2.59,3,0.109090909090909,1
P004,Lettuce,Produce,S001,Downtown,2025-07-22,57,11,5,2025-07-18,Sunny,12.32,4,0.1929824561403508,0
P003,Chicken Breast,Meat,S001,Downtown,2025-07-11,79,12,2,2025-07-08,Sunny,10.56,3,0.1518987341772152,1
P002,Yogurt,Dairy,S001,Downtown,2025-07-16,80,9,4,2025-07-11,Sunny,7.3,5,0.1125,0
P008,Ground Beef,Meat,S001,Downtown,2025-07-19,32,13,2,2025-07-10,Sunny,12.15,9,0.40625,0
P001,Milk,Dairy,S002,Uptown,2025-07-22,52,8,4,2025-07-19,Sunny,10.37,3,0.1538461538461538,1
P007,Eggs,Dairy,S002,Uptown,2025-07-23,100,9,4,2025-07-20,Sunny,4.95,3,0.09,1
P003,Chicken Breast,Meat,S001,Downtown,2025-07-13,56,7,2,2025-07-09,Rainy,6.77,4,0.125,0
P009,Spinach,Produce,S003,Suburb,2025-07-19,63,0,5,2025-07-16,Rainy,11.17,3,0.0,1
P010,Shrimp,Seafood,S002,Uptown,2025-07-25,62,14,2,2025-07-18,Snowy,6.38,7,0.2258064516129032,0
P002,Yogurt,Dairy,S001,Downtown,2025-07-28,27,0,4,2025-07-20,Cloudy,8.99,8,0.0,0
P006,Salmon,Seafood,S001,Downtown,2025-07-29,23,1,2,2025-07-21,Cloudy,3.32,8,0.0434782608695652,0
P002,Yogurt,Dairy,S003,Suburb,2025-07-13,63,14,4,2025-07-10,Snowy,7.64,3,0.2222222222222222,1
P004,Lettuce,Produce,S003,Suburb,2025-07-20,83,9,5,2025-07-14,Sunny,14.46,6,0.108433734939759,0
P003,Chicken Breast,Meat,S002,Uptown,2025-07-17,97,11,2,2025-07-14,Sunny,8.6,3,0.1134020618556701,1
P003,Chicken Breast,Meat,S001,Downtown,2025-07-18,47,11,2,2025-07-15,Cloudy,13.22,3,0.2340425531914893,1
P005,Strawberries,Produce,S002,Uptown,2025-07-22,96,12,4,2025-07-19,Sunny,8.84,3,0.125,1
P009,Spinach,Produce,S001,Downtown,2025-07-24,64,6,5,2025-07-16,Cloudy,9.48,8,0.09375,0
P002,Yogurt,Dairy,S001,Downtown,2025-07-15,84,14,4,2025-07-12,Cloudy,2.87,3,0.1666666666666666,1
P006,Salmon,Seafood,S001,Downtown,2025-07-12,45,11,2,2025-07-09,Cloudy,14.94,3,0.2444444444444444,1
P001,Milk,Dairy,S001,Downtown,2025-07-25,90,2,4,2025-07-19,Rainy,9.88,6,0.0222222222222222,0
P006,Salmon,Seafood,S003,Suburb,2025-07-24,58,0,2,2025-07-21,Cloudy,7.56,3,0.0,1
P007,Eggs,Dairy,S003,Suburb,2025-07-18,45,4,4,2025-07-15,Snowy,8.58,3,0.0888888888888888,1
P001,Milk,Dairy,S001,Downtown,2025-07-14,35,6,4,2025-07-11,Rainy,4.1,3,0.1714285714285714,1
P003,Chicken Breast,Meat,S003,Suburb,2025-07-19,100,12,2,2025-07-15,Sunny,7.5,4,0.12,0
P003,Chicken Breast,Meat,S003,Suburb,2025-07-17,82,10,2,2025-07-14,Snowy,2.18,3,0.1219512195121951,1
P003,Chicken Breast,Meat,S001,Downtown,2025-07-11,79,12,2,2025-07-08,Sunny,10.56,3,0.1518987341772152,1
P005,Strawberries,Produce,S002,Uptown,2025-07-19,78,11,4,2025-07-14,Cloudy,3.78,5,0.141025641025641,0
P009,Spinach,Produce,S003,Suburb,2025-07-19,63,0,5,2025-07-16,Rainy,11.17,3,0.0,1
P010,Shrimp,Seafood,S003,Suburb,2025-07-23,99,1,2,2025-07-19,Rainy,9.81,4,0.0101010101010101,0
P009,Spinach,Produce,S003,Suburb,2025-07-22,70,4,5,2025-07-13,Snowy,14.41,9,0.0571428571428571,0
P006,Salmon,Seafood,S001,Downtown,2025-07-25,41,9,2,2025-07-17,Sunny,4.43,8,0.2195121951219512,0
P003,Chicken Breast,Meat,S001,Downtown,2025-07-18,47,11,2,2025-07-15,Cloudy,13.22,3,0.2340425531914893,1
P001,Milk,Dairy,S003,Suburb,2025-07-18,22,12,4,2025-07-10,Cloudy,4.24,8,0.5454545454545454,0
P003,Chicken Breast,Meat,S002,Uptown,2025-07-17,97,11,2,2025-07-14,Sunny,8.6,3,0.1134020618556701,1
P004,Lettuce,Produce,S002,Uptown,2025-07-28,84,4,5,2025-07-21,Rainy,5.93,7,0.0476190476190476,0
P003,Chicken Breast,Meat,S003,Suburb,2025-07-16,49,6,2,2025-07-11,Snowy,14.89,5,0.1224489795918367,0
P006,Salmon,Seafood,S001,Downtown,2025-07-17,64,15,2,2025-07-12,Rainy,11.26,5,0.234375,0
P003,Chicken Breast,Meat,S001,Downtown,2025-07-16,42,1,2,2025-07-13,Snowy,14.14,3,0.0238095238095238,1
P001,Milk,Dairy,S002,Uptown,2025-07-16,69,8,4,2025-07-11,Cloudy,12.52,5,0.1159420289855072,0
P002,Yogurt,Dairy,S003,Suburb,2025-07-28,96,1,4,2025-07-21,Sunny,9.47,7,0.0104166666666666,0
P008,Ground Beef,Meat,S001,Downtown,2025-07-17,27,6,2,2025-07-11,Cloudy,13.16,6,0.2222222222222222,0
P003,Chicken Breast,Meat,S001,Downtown,2025-07-18,47,11,2,2025-07-15,Cloudy,13.22,3,0.2340425531914893,1
P004,Lettuce,Produce,S001,Downtown,2025-07-19,61,0,5,2025-07-16,Sunny,3.79,3,0.0,1
P004,Lettuce,Produce,S001,Downtown,2025-07-19,61,0,5,2025-07-16,Sunny,3.79,3,0.0,1
P006,Salmon,Seafood,S002,Uptown,2025-07-19,61,2,2,2025-07-16,Rainy,8.31,3,0.0327868852459016,1
P001,Milk,Dairy,S003,Suburb,2025-07-20,68,3,4,2025-07-17,Sunny,4.81,3,0.0441176470588235,1
P005,Strawberries,Produce,S002,Uptown,2025-07-15,42,6,4,2025-07-08,Rainy,13.16,7,0.1428571428571428,0
P008,Ground Beef,Meat,S002,Uptown,2025-07-17,35,6,2,2025-07-09,Sunny,13.5,8,0.1714285714285714,0
P007,Eggs,Dairy,S002,Uptown,2025-07-18,93,4,4,2025-07-09,Snowy,9.33,9,0.043010752688172,0
P005,Strawberries,Produce,S001,Downtown,2025-07-22,41,11,4,2025-07-14,Cloudy,3.86,8,0.2682926829268293,0
P007,Eggs,Dairy,S001,Downtown,2025-07-11,55,6,4,2025-07-08,Sunny,2.59,3,0.109090909090909,1
P006,Salmon,Seafood,S002,Uptown,2025-07-23,88,7,2,2025-07-20,Cloudy,12.95,3,0.0795454545454545,1
P007,Eggs,Dairy,S001,Downtown,2025-07-11,55,6,4,2025-07-08,Sunny,2.59,3,0.109090909090909,1
P007,Eggs,Dairy,S002,Uptown,2025-07-22,75,3,4,2025-07-14,Sunny,4.91,8,0.04,0
P005,Strawberries,Produce,S002,Uptown,2025-07-22,96,12,4,2025-07-19,Sunny,8.84,3,0.125,1
P001,Milk,Dairy,S003,Suburb,2025-07-17,56,4,4,2025-07-14,Rainy,7.43,3,0.0714285714285714,1
P006,Salmon,Seafood,S002,Uptown,2025-07-24,76,4,2,2025-07-14,Rainy,7.05,10,0.0526315789473684,0
P006,Salmon,Seafood,S003,Suburb,2025-07-24,58,0,2,2025-07-21,Cloudy,7.56,3,0.0,1
P010,Shrimp,Seafood,S001,Downtown,2025-07-15,21,0,2,2025-07-12,Cloudy,13.53,3,0.0,1
P005,Strawberries,Produce,S002,Uptown,2025-07-24,81,0,4,2025-07-17,Rainy,5.92,7,0.0,0
P007,Eggs,Dairy,S003,Suburb,2025-07-26,47,1,4,2025-07-19,Cloudy,10.61,7,0.0212765957446808,0
P003,Chicken Breast,Meat,S003,Suburb,2025-07-17,82,10,2,2025-07-14,Snowy,2.18,3,0.1219512195121951,1
P009,Spinach,Produce,S002,Uptown,2025-07-15,71,8,5,2025-07-08,Sunny,6.96,7,0.1126760563380281,0
P008,Ground Beef,Meat,S001,Downtown,2025-07-24,41,12,2,2025-07-21,Rainy,9.95,3,0.2926829268292683,1
P004,Lettuce,Produce,S002,Uptown,2025-07-21,92,7,5,2025-07-17,Sunny,14.92,4,0.0760869565217391,0
P005,Strawberries,Produce,S002,Uptown,2025-07-22,96,12,4,2025-07-19,Sunny,8.84,3,0.125,1
P009,Spinach,Produce,S003,Suburb,2025-07-25,68,1,5,2025-07-20,Sunny,13.9,5,0.0147058823529411,0
P005,Strawberries,Produce,S001,Downtown,2025-07-22,26,13,4,2025-07-19,Rainy,9.64,3,0.5,0
P008,Ground Beef,Meat,S002,Uptown,2025-07-24,67,5,2,2025-07-21,Rainy,11.47,3,0.0746268656716417,1
P009,Spinach,Produce,S003,Suburb,2025-07-29,97,5,5,2025-07-21,Rainy,4.7,8,0.0515463917525773,0
P009,Spinach,Produce,S001,Downtown,2025-07-24,31,0,5,2025-07-20,Cloudy,12.76,4,0.0,0
P010,Shrimp,Seafood,S001,Downtown,2025-07-26,44,2,2,2025-07-19,Cloudy,2.5,7,0.0454545454545454,0
P004,Lettuce,Produce,S003,Suburb,2025-07-12,93,0,5,2025-07-09,Snowy,14.78,3,0.0,1
P003,Chicken Breast,Meat,S002,Uptown,2025-07-14,48,2,2,2025-07-08,Snowy,14.57,6,0.0416666666666666,0
P007,Eggs,Dairy,S001,Downtown,2025-07-21,92,8,4,2025-07-17,Rainy,2.53,4,0.0869565217391304,0
P006,Salmon,Seafood,S003,Suburb,2025-07-16,49,3,2,2025-07-08,Snowy,3.36,8,0.0612244897959183,0
P007,Eggs,Dairy,S001,Downtown,2025-07-24,67,10,4,2025-07-16,Rainy,5.35,8,0.1492537313432835,0
P003,Chicken Breast,Meat,S002,Uptown,2025-07-15,78,8,2,2025-07-12,Cloudy,9.56,3,0.1025641025641025,1
P004,Lettuce,Produce,S003,Suburb,2025-07-12,93,0,5,2025-07-09,Snowy,14.78,3,0.0,1
P006,Salmon,Seafood,S002,Uptown,2025-07-19,61,2,2,2025-07-16,Rainy,8.31,3,0.0327868852459016,1
P001,Milk,Dairy,S001,Downtown,2025-07-14,35,6,4,2025-07-11,Rainy,4.1,3,0.1714285714285714,1
P010,Shrimp,Seafood,S003,Suburb,2025-07-24,46,0,2,2025-07-21,Cloudy,5.04,3,0.0,1
P006,Salmon,Seafood,S002,Uptown,2025-07-23,45,3,2,2025-07-15,Snowy,6.05,8,0.0666666666666666,0
P006,Salmon,Seafood,S001,Downtown,2025-07-16,74,11,2,2025-07-13,Cloudy,5.55,3,0.1486486486486486,1
P002,Yogurt,Dairy,S002,Uptown,2025-07-21,92,2,4,2025-07-11,Rainy,10.24,10,0.0217391304347826,0
P010,Shrimp,Seafood,S001,Downtown,2025-07-30,87,13,2,2025-07-21,Sunny,11.7,9,0.1494252873563218,0
P009,Spinach,Produce,S003,Suburb,2025-07-29,77,13,5,2025-07-19,Rainy,8.3,10,0.1688311688311688,0
P003,Chicken Breast,Meat,S003,Suburb,2025-07-12,34,5,2,2025-07-09,Sunny,12.89,3,0.1470588235294117,1
P003,Chicken Breast,Meat,S002,Uptown,2025-07-23,27,5,2,2025-07-18,Cloudy,4.26,5,0.1851851851851851,0
P006,Salmon,Seafood,S003,Suburb,2025-07-24,42,8,2,2025-07-14,Cloudy,7.47,10,0.1904761904761904,0
P003,Chicken Breast,Meat,S002,Uptown,2025-07-17,97,11,2,2025-07-14,Sunny,8.6,3,0.1134020618556701,1
P005,Strawberries,Produce,S001,Downtown,2025-07-26,87,8,4,2025-07-21,Snowy,8.98,5,0.0919540229885057,0
P009,Spinach,Produce,S002,Uptown,2025-07-23,50,7,5,2025-07-13,Cloudy,11.98,10,0.14,0
P003,Chicken Breast,Meat,S003,Suburb,2025-07-17,84,13,2,2025-07-10,Rainy,6.67,7,0.1547619047619047,0
P003,Chicken Breast,Meat,S001,Downtown,2025-07-16,42,1,2,2025-07-13,Snowy,14.14,3,0.0238095238095238,1
P006,Salmon,Seafood,S001,Downtown,2025-07-25,45,6,2,2025-07-18,Rainy,8.85,7,0.1333333333333333,0
P005,Strawberries,Produce,S002,Uptown,2025-07-18,46,11,4,2025-07-10,Cloudy,3.86,8,0.2391304347826087,0
P005,Strawberries,Produce,S001,Downtown,2025-07-11,70,7,4,2025-07-08,Sunny,8.72,3,0.1,1
P010,Shrimp,Seafood,S003,Suburb,2025-07-23,72,2,2,2025-07-14,Rainy,14.23,9,0.0277777777777777,0
P010,Shrimp,Seafood,S003,Suburb,2025-07-26,97,11,2,2025-07-17,Cloudy,12.14,9,0.1134020618556701,0
P003,Chicken Breast,Meat,S003,Suburb,2025-07-20,72,9,2,2025-07-16,Cloudy,10.58,4,0.125,0
P007,Eggs,Dairy,S001,Downtown,2025-07-19,89,11,4,2025-07-11,Rainy,6.86,8,0.1235955056179775,0
P010,Shrimp,Seafood,S003,Suburb,2025-07-23,68,12,2,2025-07-20,Snowy,6.54,3,0.1764705882352941,1
P009,Spinach,Produce,S001,Downtown,2025-07-20,34,1,5,2025-07-12,Rainy,3.77,8,0.0294117647058823,0
P009,Spinach,Produce,S002,Uptown,2025-07-18,97,6,5,2025-07-12,Sunny,13.69,6,0.0618556701030927,0
P003,Chicken Breast,Meat,S003,Suburb,2025-07-17,82,10,2,2025-07-14,Snowy,2.18,3,0.1219512195121951,1
P008,Ground Beef,Meat,S002,Uptown,2025-07-28,45,0,2,2025-07-18,Snowy,12.22,10,0.0,0
P005,Strawberries,Produce,S003,Suburb,2025-07-22,32,5,4,2025-07-16,Sunny,9.55,6,0.15625,0
P001,Milk,Dairy,S001,Downtown,2025-07-16,91,14,4,2025-07-08,Sunny,11.27,8,0.1538461538461538,0
P003,Chicken Breast,Meat,S003,Suburb,2025-07-12,34,5,2,2025-07-09,Sunny,12.89,3,0.1470588235294117,1
P003,Chicken Breast,Meat,S003,Suburb,2025-07-28,32,8,2,2025-07-20,Rainy,10.8,8,0.25,0
P007,Eggs,Dairy,S002,Uptown,2025-07-23,100,9,4,2025-07-20,Sunny,4.95,3,0.09,1
P006,Salmon,Seafood,S001,Downtown,2025-07-12,45,11,2,2025-07-09,Cloudy,14.94,3,0.2444444444444444,1
P007,Eggs,Dairy,S001,Downtown,2025-07-22,60,5,4,2025-07-18,Sunny,4.82,4,0.0833333333333333,0
P006,Salmon,Seafood,S003,Suburb,2025-07-24,58,0,2,2025-07-21,Cloudy,7.56,3,0.0,1
P008,Ground Beef,Meat,S001,Downtown,2025-07-22,48,4,2,2025-07-12,Rainy,10.66,10,0.0833333333333333,0
P004,Lettuce,Produce,S002,Uptown,2025-07-20,27,1,5,2025-07-16,Sunny,4.48,4,0.037037037037037,0
P005,Strawberries,Produce,S001,Downtown,2025-07-11,70,7,4,2025-07-08,Sunny,8.72,3,0.1,1
P001,Milk,Dairy,S002,Uptown,2025-07-22,52,8,4,2025-07-19,Sunny,10.37,3,0.1538461538461538,1
P010,Shrimp,Seafood,S003,Suburb,2025-07-24,46,0,2,2025-07-21,Cloudy,5.04,3,0.0,1
P003,Chicken Breast,Meat,S001,Downtown,2025-07-22,30,2,2,2025-07-18,Snowy,2.5,4,0.0666666666666666,0
P009,Spinach,Produce,S002,Uptown,2025-07-24,74,8,5,2025-07-19,Rainy,2.01,5,0.1081081081081081,0
P009,Spinach,Produce,S003,Suburb,2025-07-19,63,0,5,2025-07-16,Rainy,11.17,3,0.0,1
P010,Shrimp,Seafood,S001,Downtown,2025-07-18,55,9,2,2025-07-13,Sunny,13.12,5,0.1636363636363636,0
P006,Salmon,Seafood,S003,Suburb,2025-07-24,58,0,2,2025-07-21,Cloudy,7.56,3,0.0,1
P001,Milk,Dairy,S003,Suburb,2025-07-20,68,3,4,2025-07-17,Sunny,4.81,3,0.0441176470588235,1
P003,Chicken Breast,Meat,S002,Uptown,2025-07-15,78,8,2,2025-07-12,Cloudy,9.56,3,0.1025641025641025,1
P006,Salmon,Seafood,S002,Uptown,2025-07-19,61,2,2,2025-07-16,Rainy,8.31,3,0.0327868852459016,1
P007,Eggs,Dairy,S003,Suburb,2025-07-24,42,1,4,2025-07-17,Sunny,13.0,7,0.0238095238095238,0
P001,Milk,Dairy,S003,Suburb,2025-07-20,68,3,4,2025-07-17,Sunny,4.81,3,0.0441176470588235,1
P006,Salmon,Seafood,S001,Downtown,2025-07-23,24,2,2,2025-07-19,Cloudy,8.78,4,0.0833333333333333,0
P009,Spinach,Produce,S001,Downtown,2025-07-26,47,12,5,2025-07-19,Sunny,5.47,7,0.2553191489361702,0
P007,Eggs,Dairy,S003,Suburb,2025-07-18,45,4,4,2025-07-15,Snowy,8.58,3,0.0888888888888888,1
P001,Milk,Dairy,S003,Suburb,2025-07-14,59,8,4,2025-07-09,Snowy,6.86,5,0.135593220338983,0
P002,Yogurt,Dairy,S003,Suburb,2025-07-24,92,7,4,2025-07-20,Cloudy,2.75,4,0.0760869565217391,0
P003,Chicken Breast,Meat,S001,Downtown,2025-07-16,42,1,2,2025-07-13,Snowy,14.14,3,0.0238095238095238,1
P009,Spinach,Produce,S002,Uptown,2025-07-23,29,4,5,2025-07-17,Cloudy,14.19,6,0.1379310344827586,0
P008,Ground Beef,Meat,S001,Downtown,2025-07-20,54,14,2,2025-07-15,Sunny,14.64,5,0.2592592592592592,0
P001,Milk,Dairy,S003,Suburb,2025-07-24,69,13,4,2025-07-21,Snowy,5.98,3,0.1884057971014492,1
P010,Shrimp,Seafood,S003,Suburb,2025-07-24,46,0,2,2025-07-21,Cloudy,5.04,3,0.0,1
P007,Eggs,Dairy,S003,Suburb,2025-07-20,63,2,4,2025-07-11,Rainy,13.49,9,0.0317460317460317,0
P006,Salmon,Seafood,S001,Downtown,2025-07-18,24,3,2,2025-07-10,Rainy,9.02,8,0.125,0
P002,Yogurt,Dairy,S003,Suburb,2025-07-13,63,14,4,2025-07-10,Snowy,7.64,3,0.2222222222222222,1
P003,Chicken Breast,Meat,S001,Downtown,2025-07-17,72,15,2,2025-07-14,Snowy,8.7,3,0.2083333333333333,1
P009,Spinach,Produce,S002,Uptown,2025-07-20,70,1,5,2025-07-11,Rainy,14.03,9,0.0142857142857142,0
P006,Salmon,Seafood,S002,Uptown,2025-07-23,88,7,2,2025-07-20,Cloudy,12.95,3,0.0795454545454545,1
P010,Shrimp,Seafood,S003,Suburb,2025-07-23,68,12,2,2025-07-20,Snowy,6.54,3,0.1764705882352941,1
P010,Shrimp,Seafood,S003,Suburb,2025-07-24,46,0,2,2025-07-21,Cloudy,5.04,3,0.0,1
P008,Ground Beef,Meat,S002,Uptown,2025-07-24,67,5,2,2025-07-21,Rainy,11.47,3,0.0746268656716417,1
P009,Spinach,Produce,S002,Uptown,2025-07-18,92,10,5,2025-07-14,Sunny,3.45,4,0.108695652173913,0
P003,Chicken Breast,Meat,S001,Downtown,2025-07-25,93,7,2,2025-07-19,Rainy,9.3,6,0.075268817204301,0
P007,Eggs,Dairy,S001,Downtown,2025-07-11,55,6,4,2025-07-08,Sunny,2.59,3,0.109090909090909,1
P003,Chicken Breast,Meat,S001,Downtown,2025-07-16,42,1,2,2025-07-13,Snowy,14.14,3,0.0238095238095238,1
P010,Shrimp,Seafood,S001,Downtown,2025-07-15,21,0,2,2025-07-12,Cloudy,13.53,3,0.0,1
P005,Strawberries,Produce,S002,Uptown,2025-07-22,29,5,4,2025-07-13,Cloudy,3.68,9,0.1724137931034483,0
P008,Ground Beef,Meat,S002,Uptown,2025-07-19,34,3,2,2025-07-12,Rainy,10.01,7,0.088235294117647,0
P010,Shrimp,Seafood,S003,Suburb,2025-07-23,68,12,2,2025-07-20,Snowy,6.54,3,0.1764705882352941,1
P008,Ground Beef,Meat,S002,Uptown,2025-07-24,67,5,2,2025-07-21,Rainy,11.47,3,0.0746268656716417,1
P007,Eggs,Dairy,S003,Suburb,2025-07-22,59,14,4,2025-07-14,Rainy,11.09,8,0.2372881355932203,0
P002,Yogurt,Dairy,S001,Downtown,2025-07-15,84,14,4,2025-07-12,Cloudy,2.87,3,0.1666666666666666,1
P005,Strawberries,Produce,S002,Uptown,2025-07-22,96,12,4,2025-07-19,Sunny,8.84,3,0.125,1
P004,Lettuce,Produce,S003,Suburb,2025-07-12,93,0,5,2025-07-09,Snowy,14.78,3,0.0,1
P003,Chicken Breast,Meat,S001,Downtown,2025-07-16,42,1,2,2025-07-13,Snowy,14.14,3,0.0238095238095238,1
P001,Milk,Dairy,S002,Uptown,2025-07-22,52,8,4,2025-07-19,Sunny,10.37,3,0.1538461538461538,1
P002,Yogurt,Dairy,S003,Suburb,2025-07-28,99,0,4,2025-07-19,Rainy,14.77,9,0.0,0
P006,Salmon,Seafood,S003,Suburb,2025-07-25,21,3,2,2025-07-20,Sunny,2.43,5,0.1428571428571428,0
P005,Strawberries,Produce,S001,Downtown,2025-07-11,70,7,4,2025-07-08,Sunny,8.72,3,0.1,1
P008,Ground Beef,Meat,S001,Downtown,2025-07-19,77,14,2,2025-07-13,Snowy,6.35,6,0.1818181818181818,0
P010,Shrimp,Seafood,S001,Downtown,2025-07-15,21,0,2,2025-07-12,Cloudy,13.53,3,0.0,1
P007,Eggs,Dairy,S001,Downtown,2025-07-21,58,3,4,2025-07-13,Snowy,3.75,8,0.0517241379310344,0
P005,Strawberries,Produce,S001,Downtown,2025-07-11,70,7,4,2025-07-08,Sunny,8.72,3,0.1,1
P003,Chicken Breast,Meat,S001,Downtown,2025-07-11,79,12,2,2025-07-08,Sunny,10.56,3,0.1518987341772152,1
P001,Milk,Dairy,S003,Suburb,2025-07-25,86,7,4,2025-07-19,Snowy,13.11,6,0.0813953488372093,0
P003,Chicken Breast,Meat,S003,Suburb,2025-07-18,48,3,2,2025-07-08,Rainy,13.67,10,0.0625,0
P010,Shrimp,Seafood,S001,Downtown,2025-07-24,48,8,2,2025-07-14,Sunny,7.32,10,0.1666666666666666,0
P010,Shrimp,Seafood,S003,Suburb,2025-07-16,22,3,2,2025-07-13,Rainy,5.93,3,0.1363636363636363,1
P002,Yogurt,Dairy,S002,Uptown,2025-07-23,83,11,4,2025-07-19,Cloudy,12.16,4,0.1325301204819277,0
P007,Eggs,Dairy,S003,Suburb,2025-07-18,45,4,4,2025-07-15,Snowy,8.58,3,0.0888888888888888,1
P003,Chicken Breast,Meat,S001,Downtown,2025-07-18,47,11,2,2025-07-15,Cloudy,13.22,3,0.2340425531914893,1
P006,Salmon,Seafood,S002,Uptown,2025-07-17,99,6,2,2025-07-08,Snowy,4.08,9,0.0606060606060606,0
P010,Shrimp,Seafood,S003,Suburb,2025-07-16,22,3,2,2025-07-13,Rainy,5.93,3,0.1363636363636363,1
P006,Salmon,Seafood,S001,Downtown,2025-07-16,74,11,2,2025-07-13,Cloudy,5.55,3,0.1486486486486486,1
P004,Lettuce,Produce,S001,Downtown,2025-07-28,25,1,5,2025-07-19,Sunny,14.31,9,0.04,0
P007,Eggs,Dairy,S003,Suburb,2025-07-29,97,8,4,2025-07-20,Snowy,14.42,9,0.0824742268041237,0
P009,Spinach,Produce,S003,Suburb,2025-07-14,75,2,5,2025-07-08,Rainy,14.21,6,0.0266666666666666,0
P001,Milk,Dairy,S003,Suburb,2025-07-17,56,4,4,2025-07-14,Rainy,7.43,3,0.0714285714285714,1
P007,Eggs,Dairy,S001,Downtown,2025-07-21,60,12,4,2025-07-14,Rainy,7.44,7,0.2,0
P003,Chicken Breast,Meat,S002,Uptown,2025-07-18,22,3,2,2025-07-09,Cloudy,11.54,9,0.1363636363636363,0
P006,Salmon,Seafood,S003,Suburb,2025-07-24,58,0,2,2025-07-21,Cloudy,7.56,3,0.0,1
P003,Chicken Breast,Meat,S001,Downtown,2025-07-27,72,5,2,2025-07-17,Rainy,13.04,10,0.0694444444444444,0
P007,Eggs,Dairy,S003,Suburb,2025-07-26,95,5,4,2025-07-18,Rainy,4.24,8,0.0526315789473684,0
P003,Chicken Breast,Meat,S001,Downtown,2025-07-18,47,11,2,2025-07-15,Cloudy,13.22,3,0.2340425531914893,1
P004,Lettuce,Produce,S001,Downtown,2025-07-19,61,0,5,2025-07-16,Sunny,3.79,3,0.0,1
P008,Ground Beef,Meat,S002,Uptown,2025-07-24,67,5,2,2025-07-21,Rainy,11.47,3,0.0746268656716417,1
P001,Milk,Dairy,S001,Downtown,2025-07-23,25,3,4,2025-07-18,Snowy,6.09,5,0.12,0
P004,Lettuce,Produce,S001,Downtown,2025-07-19,61,0,5,2025-07-16,Sunny,3.79,3,0.0,1
P010,Shrimp,Seafood,S002,Uptown,2025-07-18,55,12,2,2025-07-13,Sunny,2.82,5,0.2181818181818181,0
P010,Shrimp,Seafood,S002,Uptown,2025-07-16,71,8,2,2025-07-12,Snowy,10.79,4,0.1126760563380281,0
P010,Shrimp,Seafood,S003,Suburb,2025-07-23,68,12,2,2025-07-20,Snowy,6.54,3,0.1764705882352941,1
P002,Yogurt,Dairy,S002,Uptown,2025-07-26,62,8,4,2025-07-20,Sunny,8.27,6,0.1290322580645161,0
P005,Strawberries,Produce,S001,Downtown,2025-07-11,70,7,4,2025-07-08,Sunny,8.72,3,0.1,1
P006,Salmon,Seafood,S002,Uptown,2025-07-22,39,12,2,2025-07-18,Snowy,4.62,4,0.3076923076923077,0
P005,Strawberries,Produce,S001,Downtown,2025-07-22,93,5,4,2025-07-12,Rainy,13.59,10,0.053763440860215,0
P003,Chicken Breast,Meat,S001,Downtown,2025-07-18,47,11,2,2025-07-15,Cloudy,13.22,3,0.2340425531914893,1
P001,Milk,Dairy,S002,Uptown,2025-07-24,32,10,4,2025-07-14,Snowy,11.81,10,0.3125,0
P003,Chicken Breast,Meat,S001,Downtown,2025-07-27,89,12,2,2025-07-21,Rainy,9.12,6,0.1348314606741573,0
P003,Chicken Breast,Meat,S003,Suburb,2025-07-17,82,10,2,2025-07-14,Snowy,2.18,3,0.1219512195121951,1
P004,Lettuce,Produce,S001,Downtown,2025-07-14,33,15,5,2025-07-10,Snowy,5.0,4,0.4545454545454545,0
P004,Lettuce,Produce,S003,Suburb,2025-07-14,86,3,5,2025-07-11,Rainy,7.77,3,0.0348837209302325,1
P008,Ground Beef,Meat,S001,Downtown,2025-07-22,32,6,2,2025-07-16,Snowy,12.82,6,0.1875,0
P009,Spinach,Produce,S001,Downtown,2025-07-24,39,7,5,2025-07-18,Sunny,2.46,6,0.1794871794871795,0
P001,Milk,Dairy,S003,Suburb,2025-07-12,86,4,4,2025-07-08,Sunny,14.5,4,0.0465116279069767,0
P010,Shrimp,Seafood,S003,Suburb,2025-07-23,68,12,2,2025-07-20,Snowy,6.54,3,0.1764705882352941,1
P003,Chicken Breast,Meat,S003,Suburb,2025-07-24,68,5,2,2025-07-19,Snowy,9.63,5,0.0735294117647058,0
P003,Chicken Breast,Meat,S002,Uptown,2025-07-24,35,2,2,2025-07-17,Sunny,8.15,7,0.0571428571428571,0
P001,Milk,Dairy,S003,Suburb,2025-07-20,68,3,4,2025-07-17,Sunny,4.81,3,0.0441176470588235,1
P008,Ground Beef,Meat,S002,Uptown,2025-07-24,67,5,2,2025-07-21,Rainy,11.47,3,0.0746268656716417,1
P009,Spinach,Produce,S002,Uptown,2025-07-18,98,6,5,2025-07-15,Sunny,3.58,3,0.0612244897959183,1
P002,Yogurt,Dairy,S001,Downtown,2025-07-22,46,12,4,2025-07-15,Cloudy,5.43,7,0.2608695652173913,0
P007,Eggs,Dairy,S001,Downtown,2025-07-17,64,1,4,2025-07-12,Sunny,2.13,5,0.015625,0
P007,Eggs,Dairy,S002,Uptown,2025-07-23,100,9,4,2025-07-20,Sunny,4.95,3,0.09,1
P003,Chicken Breast,Meat,S001,Downtown,2025-07-17,72,15,2,2025-07-14,Snowy,8.7,3,0.2083333333333333,1
P003,Chicken Breast,Meat,S002,Uptown,2025-07-15,92,14,2,2025-07-11,Rainy,7.83,4,0.1521739130434782,0
P010,Shrimp,Seafood,S002,Uptown,2025-07-23,36,1,2,2025-07-14,Sunny,14.69,9,0.0277777777777777,0
P010,Shrimp,Seafood,S003,Suburb,2025-07-23,22,0,2,2025-07-18,Snowy,14.73,5,0.0,0
P004,Lettuce,Produce,S001,Downtown,2025-07-19,61,0,5,2025-07-16,Sunny,3.79,3,0.0,1
P007,Eggs,Dairy,S002,Uptown,2025-07-23,100,9,4,2025-07-20,Sunny,4.95,3,0.09,1
P005,Strawberries,Produce,S001,Downtown,2025-07-11,70,7,4,2025-07-08,Sunny,8.72,3,0.1,1
P007,Eggs,Dairy,S002,Uptown,2025-07-23,100,9,4,2025-07-20,Sunny,4.95,3,0.09,1
P007,Eggs,Dairy,S003,Suburb,2025-07-18,45,4,4,2025-07-15,Snowy,8.58,3,0.0888888888888888,1
P001,Milk,Dairy,S003,Suburb,2025-07-20,68,3,4,2025-07-17,Sunny,4.81,3,0.0441176470588235,1
P009,Spinach,Produce,S001,Downtown,2025-07-13,28,0,5,2025-07-08,Cloudy,2.81,5,0.0,0
P010,Shrimp,Seafood,S003,Suburb,2025-07-16,22,3,2,2025-07-13,Rainy,5.93,3,0.1363636363636363,1
P010,Shrimp,Seafood,S002,Uptown,2025-07-17,66,0,2,2025-07-09,Cloudy,7.71,8,0.0,0
P006,Salmon,Seafood,S001,Downtown,2025-07-16,74,11,2,2025-07-13,Cloudy,5.55,3,0.1486486486486486,1
P002,Yogurt,Dairy,S003,Suburb,2025-07-13,63,14,4,2025-07-10,Snowy,7.64,3,0.2222222222222222,1
P009,Spinach,Produce,S001,Downtown,2025-07-20,64,8,5,2025-07-14,Cloudy,6.75,6,0.125,0
P010,Shrimp,Seafood,S002,Uptown,2025-07-16,56,0,2,2025-07-08,Sunny,14.13,8,0.0,0
P005,Strawberries,Produce,S003,Suburb,2025-07-16,51,3,4,2025-07-09,Snowy,13.35,7,0.0588235294117647,0
P007,Eggs,Dairy,S002,Uptown,2025-07-23,100,9,4,2025-07-20,Sunny,4.95,3,0.09,1
P010,Shrimp,Seafood,S001,Downtown,2025-07-15,21,0,2,2025-07-12,Cloudy,13.53,3,0.0,1
P006,Salmon,Seafood,S001,Downtown,2025-07-12,90,7,2,2025-07-08,Rainy,12.09,4,0.0777777777777777,0
P007,Eggs,Dairy,S002,Uptown,2025-07-23,100,9,4,2025-07-20,Sunny,4.95,3,0.09,1
P005,Strawberries,Produce,S001,Downtown,2025-07-11,70,7,4,2025-07-08,Sunny,8.72,3,0.1,1
P007,Eggs,Dairy,S002,Uptown,2025-07-25,58,13,4,2025-07-19,Sunny,14.54,6,0.2241379310344827,0
P007,Eggs,Dairy,S001,Downtown,2025-07-11,55,6,4,2025-07-08,Sunny,2.59,3,0.109090909090909,1
P003,Chicken Breast,Meat,S002,Uptown,2025-07-17,97,11,2,2025-07-14,Sunny,8.6,3,0.1134020618556701,1
P008,Ground Beef,Meat,S001,Downtown,2025-07-24,41,12,2,2025-07-21,Rainy,9.95,3,0.2926829268292683,1
P002,Yogurt,Dairy,S002,Uptown,2025-07-23,68,9,4,2025-07-18,Snowy,10.89,5,0.1323529411764706,0
P005,Strawberries,Produce,S002,Uptown,2025-07-21,37,9,4,2025-07-11,Rainy,2.9,10,0.2432432432432432,0
P004,Lettuce,Produce,S002,Uptown,2025-07-26,96,14,5,2025-07-18,Snowy,2.47,8,0.1458333333333333,0
P004,Lettuce,Produce,S003,Suburb,2025-07-12,93,0,5,2025-07-09,Snowy,14.78,3,0.0,1
P001,Milk,Dairy,S002,Uptown,2025-07-22,78,15,4,2025-07-16,Sunny,12.5,6,0.1923076923076923,0
P010,Shrimp,Seafood,S003,Suburb,2025-07-14,99,8,2,2025-07-08,Rainy,4.8,6,0.0808080808080808,0
P010,Shrimp,Seafood,S003,Suburb,2025-07-16,22,3,2,2025-07-13,Rainy,5.93,3,0.1363636363636363,1
P002,Yogurt,Dairy,S003,Suburb,2025-07-21,25,12,4,2025-07-17,Cloudy,8.27,4,0.48,0
P010,Shrimp,Seafood,S003,Suburb,2025-07-14,62,1,2,2025-07-11,Snowy,7.09,3,0.0161290322580645,1
P007,Eggs,Dairy,S003,Suburb,2025-07-18,86,12,4,2025-07-09,Sunny,3.67,9,0.1395348837209302,0
P009,Spinach,Produce,S001,Downtown,2025-07-27,37,14,5,2025-07-21,Sunny,14.39,6,0.3783783783783784,0
P005,Strawberries,Produce,S002,Uptown,2025-07-23,24,15,4,2025-07-16,Rainy,6.34,7,0.625,0
P002,Yogurt,Dairy,S002,Uptown,2025-07-18,49,12,4,2025-07-09,Snowy,6.07,9,0.2448979591836734,0
P003,Chicken Breast,Meat,S003,Suburb,2025-07-22,45,15,2,2025-07-13,Rainy,14.29,9,0.3333333333333333,0
P004,Lettuce,Produce,S003,Suburb,2025-07-24,64,1,5,2025-07-16,Sunny,10.19,8,0.015625,0
P004,Lettuce,Produce,S003,Suburb,2025-07-14,86,3,5,2025-07-11,Rainy,7.77,3,0.0348837209302325,1
P010,Shrimp,Seafood,S002,Uptown,2025-07-26,79,0,2,2025-07-21,Sunny,13.46,5,0.0,0
P002,Yogurt,Dairy,S003,Suburb,2025-07-13,63,14,4,2025-07-10,Snowy,7.64,3,0.2222222222222222,1
P005,Strawberries,Produce,S002,Uptown,2025-07-26,82,1,4,2025-07-21,Cloudy,6.84,5,0.0121951219512195,0
P001,Milk,Dairy,S001,Downtown,2025-07-14,35,6,4,2025-07-11,Rainy,4.1,3,0.1714285714285714,1
P003,Chicken Breast,Meat,S001,Downtown,2025-07-11,79,12,2,2025-07-08,Sunny,10.56,3,0.1518987341772152,1
P004,Lettuce,Produce,S002,Uptown,2025-07-18,97,4,5,2025-07-14,Snowy,2.03,4,0.0412371134020618,0
P003,Chicken Breast,Meat,S003,Suburb,2025-07-12,34,5,2,2025-07-09,Sunny,12.89,3,0.1470588235294117,1
P001,Milk,Dairy,S003,Suburb,2025-07-19,68,11,4,2025-07-12,Snowy,14.8,7,0.1617647058823529,0
P004,Lettuce,Produce,S003,Suburb,2025-07-14,86,3,5,2025-07-11,Rainy,7.77,3,0.0348837209302325,1
P007,Eggs,Dairy,S001,Downtown,2025-07-25,67,2,4,2025-07-15,Rainy,6.2,10,0.0298507462686567,0
P006,Salmon,Seafood,S001,Downtown,2025-07-12,45,11,2,2025-07-09,Cloudy,14.94,3,0.2444444444444444,1
P001,Milk,Dairy,S002,Uptown,2025-07-22,52,8,4,2025-07-19,Sunny,10.37,3,0.1538461538461538,1
P006,Salmon,Seafood,S001,Downtown,2025-07-16,74,11,2,2025-07-13,Cloudy,5.55,3,0.1486486486486486,1
P006,Salmon,Seafood,S001,Downtown,2025-07-16,74,11,2,2025-07-13,Cloudy,5.55,3,0.1486486486486486,1
P010,Shrimp,Seafood,S003,Suburb,2025-07-23,68,12,2,2025-07-20,Snowy,6.54,3,0.1764705882352941,1
P001,Milk,Dairy,S003,Suburb,2025-07-24,69,13,4,2025-07-21,Snowy,5.98,3,0.1884057971014492,1
P008,Ground Beef,Meat,S001,Downtown,2025-07-24,41,12,2,2025-07-21,Rainy,9.95,3,0.2926829268292683,1
P003,Chicken Breast,Meat,S001,Downtown,2025-07-18,47,11,2,2025-07-15,Cloudy,13.22,3,0.2340425531914893,1
P003,Chicken Breast,Meat,S001,Downtown,2025-07-11,79,12,2,2025-07-08,Sunny,10.56,3,0.1518987341772152,1
P008,Ground Beef,Meat,S003,Suburb,2025-07-22,47,5,2,2025-07-13,Snowy,4.15,9,0.1063829787234042,0
P008,Ground Beef,Meat,S002,Uptown,2025-07-17,61,2,2,2025-07-14,Sunny,11.04,3,0.0327868852459016,1
P008,Ground Beef,Meat,S002,Uptown,2025-07-18,45,10,2,2025-07-13,Cloudy,5.53,5,0.2222222222222222,0
P007,Eggs,Dairy,S002,Uptown,2025-07-23,100,9,4,2025-07-20,Sunny,4.95,3,0.09,1
P003,Chicken Breast,Meat,S001,Downtown,2025-07-11,79,12,2,2025-07-08,Sunny,10.56,3,0.1518987341772152,1
P009,Spinach,Produce,S002,Uptown,2025-07-18,98,6,5,2025-07-15,Sunny,3.58,3,0.0612244897959183,1
P003,Chicken Breast,Meat,S001,Downtown,2025-07-21,57,15,2,2025-07-12,Rainy,12.2,9,0.2631578947368421,0
P002,Yogurt,Dairy,S002,Uptown,2025-07-21,28,5,4,2025-07-16,Sunny,14.78,5,0.1785714285714285,0
P006,Salmon,Seafood,S003,Suburb,2025-07-24,58,0,2,2025-07-21,Cloudy,7.56,3,0.0,1
P002,Yogurt,Dairy,S003,Suburb,2025-07-21,90,10,4,2025-07-11,Snowy,10.17,10,0.1111111111111111,0
P001,Milk,Dairy,S003,Suburb,2025-07-17,56,4,4,2025-07-14,Rainy,7.43,3,0.0714285714285714,1
P006,Salmon,Seafood,S002,Uptown,2025-07-19,61,2,2,2025-07-16,Rainy,8.31,3,0.0327868852459016,1
P002,Yogurt,Dairy,S002,Uptown,2025-07-22,48,9,4,2025-07-12,Rainy,9.98,10,0.1875,0
P010,Shrimp,Seafood,S003,Suburb,2025-07-13,76,8,2,2025-07-09,Sunny,8.87,4,0.1052631578947368,0
P007,Eggs,Dairy,S002,Uptown,2025-07-17,83,14,4,2025-07-13,Sunny,9.26,4,0.1686746987951807,0
P003,Chicken Breast,Meat,S001,Downtown,2025-07-18,47,11,2,2025-07-15,Cloudy,13.22,3,0.2340425531914893,1
P004,Lettuce,Produce,S003,Suburb,2025-07-12,93,0,5,2025-07-09,Snowy,14.78,3,0.0,1
P001,Milk,Dairy,S003,Suburb,2025-07-25,73,1,4,2025-07-15,Rainy,8.42,10,0.0136986301369863,0
P003,Chicken Breast,Meat,S003,Suburb,2025-07-12,34,5,2,2025-07-09,Sunny,12.89,3,0.1470588235294117,1
P006,Salmon,Seafood,S002,Uptown,2025-07-19,61,2,2,2025-07-16,Rainy,8.31,3,0.0327868852459016,1
P002,Yogurt,Dairy,S002,Uptown,2025-07-15,66,0,4,2025-07-08,Snowy,2.43,7,0.0,0
P005,Strawberries,Produce,S001,Downtown,2025-07-11,70,7,4,2025-07-08,Sunny,8.72,3,0.1,1
P001,Milk,Dairy,S002,Uptown,2025-07-15,38,13,4,2025-07-09,Sunny,2.17,6,0.3421052631578947,0
P006,Salmon,Seafood,S001,Downtown,2025-07-16,74,11,2,2025-07-13,Cloudy,5.55,3,0.1486486486486486,1
P001,Milk,Dairy,S002,Uptown,2025-07-27,55,5,4,2025-07-17,Cloudy,5.39,10,0.0909090909090909,0
P002,Yogurt,Dairy,S001,Downtown,2025-07-28,73,15,4,2025-07-19,Sunny,11.59,9,0.2054794520547945,0
P010,Shrimp,Seafood,S003,Suburb,2025-07-23,68,12,2,2025-07-20,Snowy,6.54,3,0.1764705882352941,1
P007,Eggs,Dairy,S002,Uptown,2025-07-23,100,9,4,2025-07-20,Sunny,4.95,3,0.09,1
P010,Shrimp,Seafood,S003,Suburb,2025-07-16,22,3,2,2025-07-13,Rainy,5.93,3,0.1363636363636363,1
P010,Shrimp,Seafood,S002,Uptown,2025-07-27,49,2,2,2025-07-17,Rainy,13.8,10,0.0408163265306122,0
P006,Salmon,Seafood,S003,Suburb,2025-07-28,35,14,2,2025-07-18,Sunny,13.75,10,0.4,0
P003,Chicken Breast,Meat,S002,Uptown,2025-07-17,97,11,2,2025-07-14,Sunny,8.6,3,0.1134020618556701,1
P006,Salmon,Seafood,S002,Uptown,2025-07-19,35,9,2,2025-07-13,Rainy,10.95,6,0.2571428571428571,0
P002,Yogurt,Dairy,S001,Downtown,2025-07-15,84,14,4,2025-07-12,Cloudy,2.87,3,0.1666666666666666,1
P005,Strawberries,Produce,S001,Downtown,2025-07-11,70,7,4,2025-07-08,Sunny,8.72,3,0.1,1
P003,Chicken Breast,Meat,S003,Suburb,2025-07-12,34,5,2,2025-07-09,Sunny,12.89,3,0.1470588235294117,1
P003,Chicken Breast,Meat,S002,Uptown,2025-07-20,91,9,2,2025-07-13,Sunny,4.97,7,0.0989010989010989,0
P002,Yogurt,Dairy,S002,Uptown,2025-07-22,87,6,4,2025-07-13,Snowy,8.66,9,0.0689655172413793,0
P005,Strawberries,Produce,S002,Uptown,2025-07-22,96,12,4,2025-07-19,Sunny,8.84,3,0.125,1
P003,Chicken Breast,Meat,S001,Downtown,2025-07-18,47,11,2,2025-07-15,Cloudy,13.22,3,0.2340425531914893,1
P007,Eggs,Dairy,S001,Downtown,2025-07-11,55,6,4,2025-07-08,Sunny,2.59,3,0.109090909090909,1
P001,Milk,Dairy,S003,Suburb,2025-07-26,47,6,4,2025-07-20,Rainy,6.65,6,0.1276595744680851,0
P001,Milk,Dairy,S001,Downtown,2025-07-14,35,6,4,2025-07-11,Rainy,4.1,3,0.1714285714285714,1
P006,Salmon,Seafood,S003,Suburb,2025-07-29,69,6,2,2025-07-19,Snowy,14.43,10,0.0869565217391304,0
P008,Ground Beef,Meat,S003,Suburb,2025-07-24,22,3,2,2025-07-14,Snowy,10.23,10,0.1363636363636363,0
P007,Eggs,Dairy,S002,Uptown,2025-07-16,45,0,4,2025-07-12,Rainy,11.46,4,0.0,0
P008,Ground Beef,Meat,S002,Uptown,2025-07-17,61,2,2,2025-07-14,Sunny,11.04,3,0.0327868852459016,1
P009,Spinach,Produce,S001,Downtown,2025-07-23,97,11,5,2025-07-13,Snowy,2.84,10,0.1134020618556701,0
P001,Milk,Dairy,S003,Suburb,2025-07-20,68,3,4,2025-07-17,Sunny,4.81,3,0.0441176470588235,1
P010,Shrimp,Seafood,S001,Downtown,2025-07-21,76,0,2,2025-07-15,Sunny,2.37,6,0.0,0
P008,Ground Beef,Meat,S001,Downtown,2025-07-28,94,1,2,2025-07-18,Snowy,7.11,10,0.0106382978723404,0
P002,Yogurt,Dairy,S003,Suburb,2025-07-26,89,15,4,2025-07-18,Sunny,6.56,8,0.1685393258426966,0
P003,Chicken Breast,Meat,S003,Suburb,2025-07-17,82,10,2,2025-07-14,Snowy,2.18,3,0.1219512195121951,1
P006,Salmon,Seafood,S002,Uptown,2025-07-18,92,6,2,2025-07-12,Cloudy,14.04,6,0.0652173913043478,0
P005,Strawberries,Produce,S003,Suburb,2025-07-20,93,11,4,2025-07-14,Rainy,8.89,6,0.1182795698924731,0
P005,Strawberries,Produce,S002,Uptown,2025-07-23,51,11,4,2025-07-15,Snowy,2.33,8,0.2156862745098039,0
P001,Milk,Dairy,S003,Suburb,2025-07-24,69,13,4,2025-07-21,Snowy,5.98,3,0.1884057971014492,1
P004,Lettuce,Produce,S001,Downtown,2025-07-22,34,8,5,2025-07-17,Sunny,13.92,5,0.2352941176470588,0
P006,Salmon,Seafood,S001,Downtown,2025-07-12,45,11,2,2025-07-09,Cloudy,14.94,3,0.2444444444444444,1
P009,Spinach,Produce,S002,Uptown,2025-07-18,98,6,5,2025-07-15,Sunny,3.58,3,0.0612244897959183,1
P003,Chicken Breast,Meat,S003,Suburb,2025-07-18,51,2,2,2025-07-12,Rainy,4.57,6,0.0392156862745098,0
P010,Shrimp,Seafood,S001,Downtown,2025-07-15,21,0,2,2025-07-12,Cloudy,13.53,3,0.0,1
P001,Milk,Dairy,S003,Suburb,2025-07-17,56,4,4,2025-07-14,Rainy,7.43,3,0.0714285714285714,1
P003,Chicken Breast,Meat,S003,Suburb,2025-07-12,34,5,2,2025-07-09,Sunny,12.89,3,0.1470588235294117,1
P002,Yogurt,Dairy,S003,Suburb,2025-07-13,63,14,4,2025-07-10,Snowy,7.64,3,0.2222222222222222,1
P005,Strawberries,Produce,S001,Downtown,2025-07-20,72,10,4,2025-07-16,Cloudy,10.54,4,0.1388888888888889,0
P001,Milk,Dairy,S003,Suburb,2025-07-17,56,4,4,2025-07-14,Rainy,7.43,3,0.0714285714285714,1
P002,Yogurt,Dairy,S001,Downtown,2025-07-15,84,14,4,2025-07-12,Cloudy,2.87,3,0.1666666666666666,1
P010,Shrimp,Seafood,S003,Suburb,2025-07-16,22,3,2,2025-07-13,Rainy,5.93,3,0.1363636363636363,1
P007,Eggs,Dairy,S003,Suburb,2025-07-18,45,4,4,2025-07-15,Snowy,8.58,3,0.0888888888888888,1
P008,Ground Beef,Meat,S002,Uptown,2025-07-17,61,2,2,2025-07-14,Sunny,11.04,3,0.0327868852459016,1
P004,Lettuce,Produce,S001,Downtown,2025-07-19,61,0,5,2025-07-16,Sunny,3.79,3,0.0,1
P003,Chicken Breast,Meat,S001,Downtown,2025-07-18,47,11,2,2025-07-15,Cloudy,13.22,3,0.2340425531914893,1
P006,Salmon,Seafood,S003,Suburb,2025-07-22,98,7,2,2025-07-17,Snowy,12.69,5,0.0714285714285714,0
P001,Milk,Dairy,S003,Suburb,2025-07-17,56,4,4,2025-07-14,Rainy,7.43,3,0.0714285714285714,1
P006,Salmon,Seafood,S001,Downtown,2025-07-16,74,11,2,2025-07-13,Cloudy,5.55,3,0.1486486486486486,1
P003,Chicken Breast,Meat,S002,Uptown,2025-07-15,78,8,2,2025-07-12,Cloudy,9.56,3,0.1025641025641025,1
P004,Lettuce,Produce,S001,Downtown,2025-07-16,99,14,5,2025-07-12,Sunny,3.1,4,0.1414141414141414,0
P009,Spinach,Produce,S002,Uptown,2025-07-25,67,4,5,2025-07-16,Snowy,7.75,9,0.0597014925373134,0
P010,Shrimp,Seafood,S003,Suburb,2025-07-23,68,12,2,2025-07-20,Snowy,6.54,3,0.1764705882352941,1
P009,Spinach,Produce,S002,Uptown,2025-07-27,54,12,5,2025-07-21,Cloudy,12.9,6,0.2222222222222222,0
P010,Shrimp,Seafood,S002,Uptown,2025-07-22,25,8,2,2025-07-16,Snowy,6.13,6,0.32,0
P007,Eggs,Dairy,S003,Suburb,2025-07-18,45,4,4,2025-07-15,Snowy,8.58,3,0.0888888888888888,1
P008,Ground Beef,Meat,S002,Uptown,2025-07-23,86,1,2,2025-07-19,Sunny,6.43,4,0.0116279069767441,0
P006,Salmon,Seafood,S003,Suburb,2025-07-24,58,0,2,2025-07-21,Cloudy,7.56,3,0.0,1
P003,Chicken Breast,Meat,S001,Downtown,2025-07-17,72,15,2,2025-07-14,Snowy,8.7,3,0.2083333333333333,1
P002,Yogurt,Dairy,S001,Downtown,2025-07-28,79,0,4,2025-07-21,Snowy,8.9,7,0.0,0
P006,Salmon,Seafood,S002,Uptown,2025-07-22,65,15,2,2025-07-17,Rainy,2.36,5,0.2307692307692307,0
P001,Milk,Dairy,S002,Uptown,2025-07-24,29,5,4,2025-07-18,Rainy,12.59,6,0.1724137931034483,0
P003,Chicken Breast,Meat,S003,Suburb,2025-07-27,83,15,2,2025-07-21,Snowy,3.07,6,0.180722891566265,0
P001,Milk,Dairy,S001,Downtown,2025-07-14,35,6,4,2025-07-11,Rainy,4.1,3,0.1714285714285714,1
P010,Shrimp,Seafood,S001,Downtown,2025-07-21,42,13,2,2025-07-16,Sunny,10.88,5,0.3095238095238095,0
P005,Strawberries,Produce,S002,Uptown,2025-07-22,96,12,4,2025-07-19,Sunny,8.84,3,0.125,1
P006,Salmon,Seafood,S001,Downtown,2025-07-12,45,11,2,2025-07-09,Cloudy,14.94,3,0.2444444444444444,1
P010,Shrimp,Seafood,S001,Downtown,2025-07-15,21,0,2,2025-07-12,Cloudy,13.53,3,0.0,1
P010,Shrimp,Seafood,S002,Uptown,2025-07-26,28,10,2,2025-07-20,Cloudy,8.82,6,0.3571428571428571,0
P001,Milk,Dairy,S003,Suburb,2025-07-24,69,13,4,2025-07-21,Snowy,5.98,3,0.1884057971014492,1
P001,Milk,Dairy,S002,Uptown,2025-07-22,52,8,4,2025-07-19,Sunny,10.37,3,0.1538461538461538,1
P007,Eggs,Dairy,S002,Uptown,2025-07-23,100,9,4,2025-07-20,Sunny,4.95,3,0.09,1
P008,Ground Beef,Meat,S002,Uptown,2025-07-24,67,5,2,2025-07-21,Rainy,11.47,3,0.0746268656716417,1
P008,Ground Beef,Meat,S002,Uptown,2025-07-24,67,5,2,2025-07-21,Rainy,11.47,3,0.0746268656716417,1
P003,Chicken Breast,Meat,S003,Suburb,2025-07-17,82,10,2,2025-07-14,Snowy,2.18,3,0.1219512195121951,1
P002,Yogurt,Dairy,S001,Downtown,2025-07-15,84,14,4,2025-07-12,Cloudy,2.87,3,0.1666666666666666,1
P008,Ground Beef,Meat,S002,Uptown,2025-07-17,61,2,2,2025-07-14,Sunny,11.04,3,0.0327868852459016,1
P004,Lettuce,Produce,S001,Downtown,2025-07-20,40,9,5,2025-07-11,Cloudy,13.4,9,0.225,0
P010,Shrimp,Seafood,S003,Suburb,2025-07-21,94,13,2,2025-07-16,Cloudy,4.61,5,0.1382978723404255,0
P005,Strawberries,Produce,S003,Suburb,2025-07-18,69,0,4,2025-07-13,Cloudy,9.17,5,0.0,0
P007,Eggs,Dairy,S001,Downtown,2025-07-11,55,6,4,2025-07-08,Sunny,2.59,3,0.109090909090909,1
P010,Shrimp,Seafood,S001,Downtown,2025-07-15,26,4,2,2025-07-09,Snowy,5.12,6,0.1538461538461538,0
P003,Chicken Breast,Meat,S001,Downtown,2025-07-17,72,15,2,2025-07-14,Snowy,8.7,3,0.2083333333333333,1
P008,Ground Beef,Meat,S001,Downtown,2025-07-18,67,1,2,2025-07-14,Snowy,13.01,4,0.0149253731343283,0
P001,Milk,Dairy,S003,Suburb,2025-07-20,68,3,4,2025-07-17,Sunny,4.81,3,0.0441176470588235,1
P010,Shrimp,Seafood,S003,Suburb,2025-07-23,68,12,2,2025-07-20,Snowy,6.54,3,0.1764705882352941,1
P006,Salmon,Seafood,S001,Downtown,2025-07-12,45,11,2,2025-07-09,Cloudy,14.94,3,0.2444444444444444,1
P004,Lettuce,Produce,S002,Uptown,2025-07-21,40,10,5,2025-07-11,Rainy,8.02,10,0.25,0
P003,Chicken Breast,Meat,S001,Downtown,2025-07-18,47,11,2,2025-07-15,Cloudy,13.22,3,0.2340425531914893,1
P007,Eggs,Dairy,S003,Suburb,2025-07-23,52,11,4,2025-07-16,Cloudy,5.36,7,0.2115384615384615,0
P008,Ground Beef,Meat,S002,Uptown,2025-07-17,61,2,2,2025-07-14,Sunny,11.04,3,0.0327868852459016,1
P007,Eggs,Dairy,S003,Suburb,2025-07-18,45,4,4,2025-07-15,Snowy,8.58,3,0.0888888888888888,1
P004,Lettuce,Produce,S003,Suburb,2025-07-12,93,0,5,2025-07-09,Snowy,14.78,3,0.0,1
P003,Chicken Breast,Meat,S002,Uptown,2025-07-17,97,11,2,2025-07-14,Sunny,8.6,3,0.1134020618556701,1
P010,Shrimp,Seafood,S002,Uptown,2025-07-24,94,14,2,2025-07-15,Rainy,3.77,9,0.1489361702127659,0
P007,Eggs,Dairy,S003,Suburb,2025-07-18,45,4,4,2025-07-15,Snowy,8.58,3,0.0888888888888888,1
P005,Strawberries,Produce,S002,Uptown,2025-07-22,96,12,4,2025-07-19,Sunny,8.84,3,0.125,1
P001,Milk,Dairy,S003,Suburb,2025-07-20,68,3,4,2025-07-17,Sunny,4.81,3,0.0441176470588235,1
P002,Yogurt,Dairy,S001,Downtown,2025-07-23,79,4,4,2025-07-16,Rainy,6.23,7,0.050632911392405,0
P008,Ground Beef,Meat,S001,Downtown,2025-07-17,77,11,2,2025-07-08,Rainy,4.16,9,0.1428571428571428,0
P001,Milk,Dairy,S001,Downtown,2025-07-14,35,6,4,2025-07-11,Rainy,4.1,3,0.1714285714285714,1
P006,Salmon,Seafood,S002,Uptown,2025-07-19,61,2,2,2025-07-16,Rainy,8.31,3,0.0327868852459016,1
P010,Shrimp,Seafood,S003,Suburb,2025-07-24,46,0,2,2025-07-21,Cloudy,5.04,3,0.0,1
P007,Eggs,Dairy,S002,Uptown,2025-07-23,100,9,4,2025-07-20,Sunny,4.95,3,0.09,1
P007,Eggs,Dairy,S002,Uptown,2025-07-15,27,11,4,2025-07-11,Sunny,8.16,4,0.4074074074074074,0
P001,Milk,Dairy,S003,Suburb,2025-07-24,69,13,4,2025-07-21,Snowy,5.98,3,0.1884057971014492,1
P001,Milk,Dairy,S003,Suburb,2025-07-20,68,3,4,2025-07-17,Sunny,4.81,3,0.0441176470588235,1
P009,Spinach,Produce,S002,Uptown,2025-07-18,98,6,5,2025-07-15,Sunny,3.58,3,0.0612244897959183,1
P002,Yogurt,Dairy,S003,Suburb,2025-07-16,75,13,4,2025-07-09,Rainy,14.97,7,0.1733333333333333,0
P007,Eggs,Dairy,S001,Downtown,2025-07-14,28,1,4,2025-07-09,Snowy,2.34,5,0.0357142857142857,0
P003,Chicken Breast,Meat,S002,Uptown,2025-07-20,86,10,2,2025-07-15,Rainy,14.65,5,0.1162790697674418,0
P008,Ground Beef,Meat,S003,Suburb,2025-07-20,75,3,2,2025-07-12,Snowy,7.33,8,0.04,0
P001,Milk,Dairy,S001,Downtown,2025-07-15,28,5,4,2025-07-09,Snowy,14.78,6,0.1785714285714285,0
P006,Salmon,Seafood,S002,Uptown,2025-07-23,88,7,2,2025-07-20,Cloudy,12.95,3,0.0795454545454545,1
P007,Eggs,Dairy,S002,Uptown,2025-07-23,74,4,4,2025-07-16,Snowy,11.88,7,0.054054054054054,0
P006,Salmon,Seafood,S002,Uptown,2025-07-19,61,2,2,2025-07-16,Rainy,8.31,3,0.0327868852459016,1
P005,Strawberries,Produce,S003,Suburb,2025-07-24,46,14,4,2025-07-21,Rainy,13.88,3,0.3043478260869565,0
P007,Eggs,Dairy,S002,Uptown,2025-07-22,67,1,4,2025-07-18,Sunny,9.3,4,0.0149253731343283,0
P004,Lettuce,Produce,S003,Suburb,2025-07-14,86,3,5,2025-07-11,Rainy,7.77,3,0.0348837209302325,1
P001,Milk,Dairy,S003,Suburb,2025-07-24,69,13,4,2025-07-21,Snowy,5.98,3,0.1884057971014492,1
P010,Shrimp,Seafood,S003,Suburb,2025-07-16,22,3,2,2025-07-13,Rainy,5.93,3,0.1363636363636363,1
P007,Eggs,Dairy,S002,Uptown,2025-07-23,100,9,4,2025-07-20,Sunny,4.95,3,0.09,1
P002,Yogurt,Dairy,S001,Downtown,2025-07-23,91,0,4,2025-07-13,Snowy,9.52,10,0.0,0
P009,Spinach,Produce,S001,Downtown,2025-07-20,72,8,5,2025-07-10,Snowy,7.82,10,0.1111111111111111,0
P001,Milk,Dairy,S001,Downtown,2025-07-14,35,6,4,2025-07-11,Rainy,4.1,3,0.1714285714285714,1
P005,Strawberries,Produce,S002,Uptown,2025-07-22,96,12,4,2025-07-19,Sunny,8.84,3,0.125,1
P002,Yogurt,Dairy,S003,Suburb,2025-07-20,42,10,4,2025-07-12,Sunny,5.42,8,0.238095238095238,0
P003,Chicken Breast,Meat,S003,Suburb,2025-07-12,34,5,2,2025-07-09,Sunny,12.89,3,0.1470588235294117,1
P010,Shrimp,Seafood,S003,Suburb,2025-07-23,68,12,2,2025-07-20,Snowy,6.54,3,0.1764705882352941,1
P001,Milk,Dairy,S002,Uptown,2025-07-18,68,12,4,2025-07-10,Snowy,9.43,8,0.1764705882352941,0
P008,Ground Beef,Meat,S002,Uptown,2025-07-15,61,5,2,2025-07-08,Sunny,9.83,7,0.081967213114754,0
P002,Yogurt,Dairy,S003,Suburb,2025-07-19,77,9,4,2025-07-13,Rainy,12.73,6,0.1168831168831168,0
P005,Strawberries,Produce,S002,Uptown,2025-07-15,73,5,4,2025-07-09,Rainy,8.59,6,0.0684931506849315,0
P004,Lettuce,Produce,S003,Suburb,2025-07-14,86,3,5,2025-07-11,Rainy,7.77,3,0.0348837209302325,1
P007,Eggs,Dairy,S003,Suburb,2025-07-26,42,8,4,2025-07-21,Snowy,9.9,5,0.1904761904761904,0
P009,Spinach,Produce,S003,Suburb,2025-07-21,99,1,5,2025-07-14,Cloudy,10.95,7,0.0101010101010101,0
P001,Milk,Dairy,S001,Downtown,2025-07-23,62,13,4,2025-07-16,Cloudy,10.89,7,0.2096774193548387,0
P009,Spinach,Produce,S003,Suburb,2025-07-17,81,1,5,2025-07-09,Sunny,2.93,8,0.0123456790123456,0
P008,Ground Beef,Meat,S001,Downtown,2025-07-29,45,1,2,2025-07-20,Rainy,8.53,9,0.0222222222222222,0
P004,Lettuce,Produce,S003,Suburb,2025-07-28,27,3,5,2025-07-18,Snowy,14.72,10,0.1111111111111111,0
P009,Spinach,Produce,S001,Downtown,2025-07-25,72,7,5,2025-07-17,Snowy,11.37,8,0.0972222222222222,0
P002,Yogurt,Dairy,S001,Downtown,2025-07-15,84,14,4,2025-07-12,Cloudy,2.87,3,0.1666666666666666,1
P002,Yogurt,Dairy,S003,Suburb,2025-07-13,63,14,4,2025-07-10,Snowy,7.64,3,0.2222222222222222,1
P006,Salmon,Seafood,S002,Uptown,2025-07-19,61,2,2,2025-07-16,Rainy,8.31,3,0.0327868852459016,1
P008,Ground Beef,Meat,S003,Suburb,2025-07-24,38,3,2,2025-07-17,Cloudy,4.46,7,0.0789473684210526,0
P004,Lettuce,Produce,S002,Uptown,2025-07-24,87,4,5,2025-07-15,Rainy,2.45,9,0.0459770114942528,0
P007,Eggs,Dairy,S003,Suburb,2025-07-21,99,10,4,2025-07-13,Cloudy,5.45,8,0.101010101010101,0
P006,Salmon,Seafood,S001,Downtown,2025-07-12,45,11,2,2025-07-09,Cloudy,14.94,3,0.2444444444444444,1
P010,Shrimp,Seafood,S003,Suburb,2025-07-23,68,12,2,2025-07-20,Snowy,6.54,3,0.1764705882352941,1
P007,Eggs,Dairy,S003,Suburb,2025-07-18,45,4,4,2025-07-15,Snowy,8.58,3,0.0888888888888888,1
P005,Strawberries,Produce,S003,Suburb,2025-07-17,95,5,4,2025-07-11,Rainy,4.0,6,0.0526315789473684,0
P010,Shrimp,Seafood,S003,Suburb,2025-07-16,22,3,2,2025-07-13,Rainy,5.93,3,0.1363636363636363,1
P002,Yogurt,Dairy,S001,Downtown,2025-07-15,84,14,4,2025-07-12,Cloudy,2.87,3,0.1666666666666666,1
P002,Yogurt,Dairy,S001,Downtown,2025-07-17,94,11,4,2025-07-08,Snowy,12.92,9,0.1170212765957446,0
P006,Salmon,Seafood,S001,Downtown,2025-07-16,74,11,2,2025-07-13,Cloudy,5.55,3,0.1486486486486486,1
P008,Ground Beef,Meat,S001,Downtown,2025-07-24,41,12,2,2025-07-21,Rainy,9.95,3,0.2926829268292683,1
P008,Ground Beef,Meat,S003,Suburb,2025-07-15,42,2,2,2025-07-10,Sunny,8.81,5,0.0476190476190476,0
P008,Ground Beef,Meat,S002,Uptown,2025-07-21,81,2,2,2025-07-15,Sunny,6.2,6,0.0246913580246913,0
P009,Spinach,Produce,S001,Downtown,2025-07-15,86,3,5,2025-07-09,Snowy,3.48,6,0.0348837209302325,0
P002,Yogurt,Dairy,S003,Suburb,2025-07-13,63,14,4,2025-07-10,Snowy,7.64,3,0.2222222222222222,1
P003,Chicken Breast,Meat,S001,Downtown,2025-07-17,72,15,2,2025-07-14,Snowy,8.7,3,0.2083333333333333,1
P004,Lettuce,Produce,S001,Downtown,2025-07-19,61,0,5,2025-07-16,Sunny,3.79,3,0.0,1
P001,Milk,Dairy,S002,Uptown,2025-07-25,64,4,4,2025-07-21,Snowy,5.39,4,0.0625,0
P010,Shrimp,Seafood,S001,Downtown,2025-07-20,91,15,2,2025-07-11,Rainy,6.07,9,0.1648351648351648,0
P010,Shrimp,Seafood,S001,Downtown,2025-07-29,81,12,2,2025-07-20,Cloudy,6.48,9,0.1481481481481481,0
P002,Yogurt,Dairy,S001,Downtown,2025-07-15,84,14,4,2025-07-12,Cloudy,2.87,3,0.1666666666666666,1
P008,Ground Beef,Meat,S002,Uptown,2025-07-26,74,7,2,2025-07-20,Rainy,3.48,6,0.0945945945945946,0
P008,Ground Beef,Meat,S003,Suburb,2025-07-23,52,8,2,2025-07-16,Cloudy,5.28,7,0.1538461538461538,0
P007,Eggs,Dairy,S002,Uptown,2025-07-13,75,7,4,2025-07-08,Sunny,7.85,5,0.0933333333333333,0
P006,Salmon,Seafood,S002,Uptown,2025-07-23,74,10,2,2025-07-19,Rainy,14.36,4,0.1351351351351351,0
P004,Lettuce,Produce,S003,Suburb,2025-07-14,86,3,5,2025-07-11,Rainy,7.77,3,0.0348837209302325,1
P009,Spinach,Produce,S002,Uptown,2025-07-18,98,6,5,2025-07-15,Sunny,3.58,3,0.0612244897959183,1
P002,Yogurt,Dairy,S001,Downtown,2025-07-24,88,11,4,2025-07-18,Cloudy,7.11,6,0.125,0
P004,Lettuce,Produce,S001,Downtown,2025-07-18,47,3,5,2025-07-14,Rainy,2.4,4,0.0638297872340425,0
P003,Chicken Breast,Meat,S003,Suburb,2025-07-12,34,5,2,2025-07-09,Sunny,12.89,3,0.1470588235294117,1
P003,Chicken Breast,Meat,S003,Suburb,2025-07-17,82,10,2,2025-07-14,Snowy,2.18,3,0.1219512195121951,1
P006,Salmon,Seafood,S003,Suburb,2025-07-24,58,0,2,2025-07-21,Cloudy,7.56,3,0.0,1
P007,Eggs,Dairy,S001,Downtown,2025-07-11,55,6,4,2025-07-08,Sunny,2.59,3,0.109090909090909,1
P001,Milk,Dairy,S002,Uptown,2025-07-22,52,8,4,2025-07-19,Sunny,10.37,3,0.1538461538461538,1
P001,Milk,Dairy,S001,Downtown,2025-07-20,22,7,4,2025-07-17,Snowy,7.78,3,0.3181818181818182,0
P010,Shrimp,Seafood,S003,Suburb,2025-07-23,68,12,2,2025-07-20,Snowy,6.54,3,0.1764705882352941,1
P004,Lettuce,Produce,S003,Suburb,2025-07-12,93,0,5,2025-07-09,Snowy,14.78,3,0.0,1
P004,Lettuce,Produce,S003,Suburb,2025-07-14,86,3,5,2025-07-11,Rainy,7.77,3,0.0348837209302325,1
P001,Milk,Dairy,S001,Downtown,2025-07-22,46,13,4,2025-07-15,Snowy,4.33,7,0.2826086956521739,0
P003,Chicken Breast,Meat,S001,Downtown,2025-07-16,42,1,2,2025-07-13,Snowy,14.14,3,0.0238095238095238,1
P009,Spinach,Produce,S002,Uptown,2025-07-18,98,6,5,2025-07-15,Sunny,3.58,3,0.0612244897959183,1
P009,Spinach,Produce,S003,Suburb,2025-07-19,63,0,5,2025-07-16,Rainy,11.17,3,0.0,1
P001,Milk,Dairy,S003,Suburb,2025-07-20,68,3,4,2025-07-17,Sunny,4.81,3,0.0441176470588235,1
P005,Strawberries,Produce,S001,Downtown,2025-07-19,85,0,4,2025-07-10,Cloudy,3.74,9,0.0,0
P010,Shrimp,Seafood,S003,Suburb,2025-07-23,68,12,2,2025-07-20,Snowy,6.54,3,0.1764705882352941,1
P003,Chicken Breast,Meat,S003,Suburb,2025-07-12,34,5,2,2025-07-09,Sunny,12.89,3,0.1470588235294117,1
P010,Shrimp,Seafood,S001,Downtown,2025-07-25,46,12,2,2025-07-17,Cloudy,10.38,8,0.2608695652173913,0
P005,Strawberries,Produce,S003,Suburb,2025-07-14,50,1,4,2025-07-08,Cloudy,14.62,6,0.02,0
P003,Chicken Breast,Meat,S002,Uptown,2025-07-27,26,6,2,2025-07-19,Snowy,10.13,8,0.2307692307692307,0
P001,Milk,Dairy,S001,Downtown,2025-07-14,35,6,4,2025-07-11,Rainy,4.1,3,0.1714285714285714,1
P006,Salmon,Seafood,S003,Suburb,2025-07-21,21,4,2,2025-07-13,Rainy,10.91,8,0.1904761904761904,0
P005,Strawberries,Produce,S001,Downtown,2025-07-22,51,2,4,2025-07-18,Rainy,14.94,4,0.0392156862745098,0
P004,Lettuce,Produce,S001,Downtown,2025-07-25,100,0,5,2025-07-15,Snowy,7.89,10,0.0,0
P003,Chicken Breast,Meat,S003,Suburb,2025-07-17,82,10,2,2025-07-14,Snowy,2.18,3,0.1219512195121951,1
P004,Lettuce,Produce,S003,Suburb,2025-07-14,86,3,5,2025-07-11,Rainy,7.77,3,0.0348837209302325,1
P009,Spinach,Produce,S003,Suburb,2025-07-19,63,0,5,2025-07-16,Rainy,11.17,3,0.0,1
P004,Lettuce,Produce,S002,Uptown,2025-07-24,77,1,5,2025-07-20,Snowy,11.85,4,0.0129870129870129,0
P007,Eggs,Dairy,S001,Downtown,2025-07-25,36,9,4,2025-07-19,Sunny,13.92,6,0.25,0
P006,Salmon,Seafood,S003,Suburb,2025-07-24,58,0,2,2025-07-21,Cloudy,7.56,3,0.0,1
P004,Lettuce,Produce,S003,Suburb,2025-07-20,74,14,5,2025-07-12,Sunny,6.57,8,0.1891891891891892,0
P001,Milk,Dairy,S002,Uptown,2025-07-22,52,8,4,2025-07-19,Sunny,10.37,3,0.1538461538461538,1
P008,Ground Beef,Meat,S002,Uptown,2025-07-15,85,15,2,2025-07-11,Sunny,13.56,4,0.1764705882352941,0
P007,Eggs,Dairy,S002,Uptown,2025-07-31,43,0,4,2025-07-21,Rainy,6.11,10,0.0,0
P006,Salmon,Seafood,S001,Downtown,2025-07-15,67,12,2,2025-07-11,Rainy,9.75,4,0.1791044776119403,0
P003,Chicken Breast,Meat,S001,Downtown,2025-07-11,79,12,2,2025-07-08,Sunny,10.56,3,0.1518987341772152,1
P001,Milk,Dairy,S001,Downtown,2025-07-26,81,15,4,2025-07-20,Snowy,14.94,6,0.1851851851851851,0
P009,Spinach,Produce,S003,Suburb,2025-07-20,83,2,5,2025-07-15,Rainy,14.52,5,0.0240963855421686,0
P010,Shrimp,Seafood,S003,Suburb,2025-07-23,68,12,2,2025-07-20,Snowy,6.54,3,0.1764705882352941,1
P005,Strawberries,Produce,S002,Uptown,2025-07-16,88,6,4,2025-07-12,Sunny,12.44,4,0.0681818181818181,0
P008,Ground Beef,Meat,S002,Uptown,2025-07-24,67,5,2,2025-07-21,Rainy,11.47,3,0.0746268656716417,1
P004,Lettuce,Produce,S003,Suburb,2025-07-13,84,11,5,2025-07-08,Sunny,9.12,5,0.1309523809523809,0
P010,Shrimp,Seafood,S001,Downtown,2025-07-15,21,0,2,2025-07-12,Cloudy,13.53,3,0.0,1
P008,Ground Beef,Meat,S002,Uptown,2025-07-15,32,9,2,2025-07-10,Rainy,3.04,5,0.28125,0
P006,Salmon,Seafood,S003,Suburb,2025-07-20,30,11,2,2025-07-11,Snowy,11.74,9,0.3666666666666666,0
P009,Spinach,Produce,S003,Suburb,2025-07-27,22,9,5,2025-07-17,Cloudy,11.01,10,0.4090909090909091,0
P006,Salmon,Seafood,S002,Uptown,2025-07-19,61,2,2,2025-07-16,Rainy,8.31,3,0.0327868852459016,1
P001,Milk,Dairy,S003,Suburb,2025-07-20,44,5,4,2025-07-11,Rainy,14.62,9,0.1136363636363636,0
